$date
	Sat Apr 25 13:54:24 2026
$end
$version
	Icarus Verilog
$end
$timescale
	1ps
$end
$scope module esp_interface_tx_tb $end
$var wire 1 ! cs_assert $end
$var wire 8 " tx_data [7:0] $end
$var wire 1 # tx_next $end
$var wire 1 $ tb_miso $end
$var wire 1 % rx_valid $end
$var wire 8 & rx_data [7:0] $end
$var wire 1 ' cs_active_sync $end
$var parameter 32 ( CLK_PERIOD $end
$var parameter 64 ) SPI_HALF $end
$var reg 1 * clk $end
$var reg 8 + got [7:0] $end
$var reg 1 , rst_n $end
$var reg 1 - rx_ready $end
$var reg 1 . tb_cs_n $end
$var reg 1 / tb_cs_n_d $end
$var reg 1 0 tb_mosi $end
$var reg 1 1 tb_sclk $end
$var reg 8 2 tx_rd_data [7:0] $end
$var reg 8 3 tx_rd_ptr [7:0] $end
$var integer 32 4 byte_num [31:0] $end
$var integer 32 5 errors [31:0] $end
$scope module dut $end
$var wire 1 6 byte_done $end
$var wire 1 * clk $end
$var wire 3 7 count_inc [2:0] $end
$var wire 3 8 count_next [2:0] $end
$var wire 3 9 count_out [2:0] $end
$var wire 1 : cs_active $end
$var wire 1 ' cs_active_sync $end
$var wire 8 ; data_next [7:0] $end
$var wire 1 . esp_cs_n $end
$var wire 1 0 esp_mosi $end
$var wire 1 1 esp_sclk $end
$var wire 1 , rst_n $end
$var wire 1 - rx_ready $end
$var wire 8 < shift_next [7:0] $end
$var wire 1 = shifting $end
$var wire 8 > tx_data [7:0] $end
$var wire 1 # tx_next $end
$var wire 1 ? tx_reload $end
$var wire 8 @ shifted_in [7:0] $end
$var wire 1 A sclk_rise $end
$var wire 1 B sclk_fall $end
$var wire 8 C captured [7:0] $end
$var reg 3 D bit_count [2:0] $end
$var reg 1 E byte_done_d $end
$var reg 1 F byte_done_dd $end
$var reg 1 G byte_ready $end
$var reg 3 H cs_sync [2:0] $end
$var reg 1 $ esp_miso $end
$var reg 2 I mosi_sync [1:0] $end
$var reg 8 J rx_data [7:0] $end
$var reg 1 % rx_valid $end
$var reg 3 K sclk_sync [2:0] $end
$var reg 8 L shift_reg [7:0] $end
$var reg 8 M tx_sr [7:0] $end
$upscope $end
$scope task spi_xfer_byte $end
$var reg 8 N captured [7:0] $end
$var integer 32 O i [31:0] $end
$upscope $end
$upscope $end
$enddefinitions $end
$comment Show the parameter values. $end
$dumpall
b11011110 )
b100101 (
$end
#0
$dumpvars
bx O
bx N
b0 M
b0 L
b0 K
b0 J
b0 I
b111 H
0G
0F
0E
b0 D
b0 C
0B
0A
b0 @
1?
b11011110 >
0=
b0 <
b0 ;
0:
b0 9
b0 8
b1 7
06
b0 5
bx 4
b0 3
b11011110 2
01
00
1/
1.
1-
0,
bx +
0*
0'
b0 &
0%
0$
0#
b11011110 "
0!
$end
#18000
1*
#36000
0*
#54000
1*
#72000
0*
#90000
1*
#108000
0*
#126000
1*
#144000
0*
#162000
1*
#180000
0*
#198000
1*
#216000
0*
#234000
1*
#252000
0*
#270000
1*
#288000
0*
#306000
1*
#324000
0*
#342000
1*
#360000
0*
#370000
1,
#378000
b11011110 M
1*
#396000
0*
#414000
1*
#432000
0*
#450000
1*
#468000
0*
#486000
1*
#504000
0*
#522000
1*
#540000
0*
#558000
1*
#576000
0*
#594000
1*
#612000
0*
#630000
1*
#648000
0*
#666000
1*
#684000
0*
#702000
1*
#720000
0*
#738000
1*
#740000
1!
0.
#756000
0*
#774000
0!
b110 H
0/
1*
#792000
0*
#810000
b100 H
1*
#828000
0*
#846000
0?
1'
1:
b0 H
1*
#864000
0*
#882000
1$
1*
#900000
0*
#918000
1*
#936000
0*
#954000
1*
#972000
0*
#990000
1*
#1008000
0*
#1026000
1*
#1036000
b111 O
b0 N
b0 4
#1044000
0*
#1062000
1*
#1080000
0*
#1098000
1*
#1116000
0*
#1134000
1*
#1152000
0*
#1170000
1*
#1188000
0*
#1206000
1*
#1224000
0*
#1242000
1*
#1258000
b10000000 N
11
#1260000
0*
#1278000
b1 K
1*
#1296000
0*
#1314000
b1 9
b1 8
1=
1A
b11 K
1*
#1332000
0*
#1350000
b1 9
b1 8
0=
0A
b10 7
b111 K
b1 D
1*
#1368000
0*
#1386000
1*
#1404000
0*
#1422000
1*
#1440000
0*
#1458000
1*
#1476000
0*
#1480000
b110 O
01
#1494000
b110 K
1*
#1512000
0*
#1530000
1B
b100 K
1*
#1548000
0*
#1566000
0B
b0 K
b10111100 M
1*
#1584000
0*
#1602000
1*
#1620000
0*
#1638000
1*
#1656000
0*
#1674000
1*
#1692000
0*
#1702000
b11000000 N
11
#1710000
b1 K
1*
#1728000
0*
#1746000
b10 9
b10 8
1=
1A
b11 K
1*
#1764000
0*
#1782000
b10 9
b10 8
0=
0A
b11 7
b111 K
b10 D
1*
#1800000
0*
#1818000
1*
#1836000
0*
#1854000
1*
#1872000
0*
#1890000
1*
#1908000
0*
#1924000
b101 O
01
#1926000
b110 K
1*
#1944000
0*
#1962000
1B
b100 K
1*
#1980000
0*
#1998000
0B
b0 K
b1111000 M
1*
#2016000
0*
#2034000
0$
1*
#2052000
0*
#2070000
1*
#2088000
0*
#2106000
1*
#2124000
0*
#2142000
1*
#2146000
11
#2160000
0*
#2178000
b1 K
1*
#2196000
0*
#2214000
b11 9
b11 8
1=
1A
b11 K
1*
#2232000
0*
#2250000
b11 9
b11 8
0=
b100 7
0A
b11 D
b111 K
1*
#2268000
0*
#2286000
1*
#2304000
0*
#2322000
1*
#2340000
0*
#2358000
1*
#2368000
b100 O
01
#2376000
0*
#2394000
b110 K
1*
#2412000
0*
#2430000
1B
b100 K
1*
#2448000
0*
#2466000
0B
b11110000 M
b0 K
1*
#2484000
0*
#2502000
1$
1*
#2520000
0*
#2538000
1*
#2556000
0*
#2574000
1*
#2590000
b11010000 N
11
#2592000
0*
#2610000
b1 K
1*
#2628000
0*
#2646000
b100 9
b100 8
1=
1A
b11 K
1*
#2664000
0*
#2682000
b100 9
b100 8
0=
b101 7
0A
b100 D
b111 K
1*
#2700000
0*
#2718000
1*
#2736000
0*
#2754000
1*
#2772000
0*
#2790000
1*
#2808000
0*
#2812000
b11 O
01
#2826000
b110 K
1*
#2844000
0*
#2862000
1B
b100 K
1*
#2880000
0*
#2898000
0B
b11100000 M
b0 K
1*
#2916000
0*
#2934000
1*
#2952000
0*
#2970000
1*
#2988000
0*
#3006000
1*
#3024000
0*
#3034000
b11011000 N
11
#3042000
b1 K
1*
#3060000
0*
#3078000
b101 9
b101 8
1=
1A
b11 K
1*
#3096000
0*
#3114000
b101 9
b101 8
0=
b110 7
0A
b101 D
b111 K
1*
#3132000
0*
#3150000
1*
#3168000
0*
#3186000
1*
#3204000
0*
#3222000
1*
#3240000
0*
#3256000
b10 O
01
#3258000
b110 K
1*
#3276000
0*
#3294000
1B
b100 K
1*
#3312000
0*
#3330000
0B
b11000000 M
b0 K
1*
#3348000
0*
#3366000
1*
#3384000
0*
#3402000
1*
#3420000
0*
#3438000
1*
#3456000
0*
#3474000
1*
#3478000
b11011100 N
11
#3492000
0*
#3510000
b1 K
1*
#3528000
0*
#3546000
b110 9
b110 8
1=
1A
b11 K
1*
#3564000
0*
#3582000
b110 9
b110 8
0=
0A
b111 7
b111 K
b110 D
1*
#3600000
0*
#3618000
1*
#3636000
0*
#3654000
1*
#3672000
0*
#3690000
1*
#3700000
b1 O
01
#3708000
0*
#3726000
b110 K
1*
#3744000
0*
#3762000
1B
b100 K
1*
#3780000
0*
#3798000
0B
b0 K
b10000000 M
1*
#3816000
0*
#3834000
1*
#3852000
0*
#3870000
1*
#3888000
0*
#3906000
1*
#3922000
b11011110 N
11
#3924000
0*
#3942000
b1 K
1*
#3960000
0*
#3978000
b111 9
b111 8
1=
1A
b11 K
1*
#3996000
0*
#4014000
b111 9
b111 8
0=
0A
0#
06
b0 7
b111 K
b111 D
1*
#4032000
0*
#4050000
1*
#4068000
0*
#4086000
1*
#4104000
0*
#4122000
1*
#4140000
0*
#4144000
b0 O
01
#4158000
b110 K
1*
#4176000
0*
#4194000
1B
b100 K
1*
#4212000
0*
#4230000
0B
b0 K
b0 M
1*
#4248000
0*
#4266000
0$
1*
#4284000
0*
#4302000
1*
#4320000
0*
#4338000
1*
#4356000
0*
#4366000
11
#4374000
b1 K
1*
#4392000
0*
#4410000
b0 9
b0 8
1#
16
1=
1A
b11 K
1*
#4428000
0*
#4446000
b1 7
0=
0A
0#
06
b111 K
1G
b0 D
1E
b1 3
1*
#4464000
0*
#4482000
1?
b10101101 "
b10101101 >
b10101101 2
1F
0E
1%
0G
1*
#4500000
0*
#4518000
0?
0%
0F
b10101101 M
1*
#4536000
0*
#4554000
1$
1*
#4572000
0*
#4588000
b0 N
b1 4
b11011110 +
b111 O
01
#4590000
b110 K
1*
#4608000
0*
#4626000
1B
b100 K
1*
#4644000
0*
#4662000
0B
b0 K
1*
#4680000
0*
#4698000
1*
#4716000
0*
#4734000
1*
#4752000
0*
#4770000
1*
#4788000
0*
#4806000
1*
#4810000
b10000000 N
11
#4824000
0*
#4842000
b1 K
1*
#4860000
0*
#4878000
b1 9
b1 8
1=
1A
b11 K
1*
#4896000
0*
#4914000
b1 9
b1 8
0=
b10 7
0A
b1 D
b111 K
1*
#4932000
0*
#4950000
1*
#4968000
0*
#4986000
1*
#5004000
0*
#5022000
1*
#5032000
b110 O
01
#5040000
0*
#5058000
b110 K
1*
#5076000
0*
#5094000
1B
b100 K
1*
#5112000
0*
#5130000
0B
b1011010 M
b0 K
1*
#5148000
0*
#5166000
0$
1*
#5184000
0*
#5202000
1*
#5220000
0*
#5238000
1*
#5254000
11
#5256000
0*
#5274000
b1 K
1*
#5292000
0*
#5310000
b10 9
b10 8
1=
1A
b11 K
1*
#5328000
0*
#5346000
b10 9
b10 8
0=
b11 7
0A
b10 D
b111 K
1*
#5364000
0*
#5382000
1*
#5400000
0*
#5418000
1*
#5436000
0*
#5454000
1*
#5472000
0*
#5476000
b101 O
01
#5490000
b110 K
1*
#5508000
0*
#5526000
1B
b100 K
1*
#5544000
0*
#5562000
0B
b10110100 M
b0 K
1*
#5580000
0*
#5598000
1$
1*
#5616000
0*
#5634000
1*
#5652000
0*
#5670000
1*
#5688000
0*
#5698000
b10100000 N
11
#5706000
b1 K
1*
#5724000
0*
#5742000
b11 9
b11 8
1=
1A
b11 K
1*
#5760000
0*
#5778000
b11 9
b11 8
0=
b100 7
0A
b11 D
b111 K
1*
#5796000
0*
#5814000
1*
#5832000
0*
#5850000
1*
#5868000
0*
#5886000
1*
#5904000
0*
#5920000
b100 O
01
#5922000
b110 K
1*
#5940000
0*
#5958000
1B
b100 K
1*
#5976000
0*
#5994000
0B
b1101000 M
b0 K
1*
#6012000
0*
#6030000
0$
1*
#6048000
0*
#6066000
1*
#6084000
0*
#6102000
1*
#6120000
0*
#6138000
1*
#6142000
11
#6156000
0*
#6174000
b1 K
1*
#6192000
0*
#6210000
b100 9
b100 8
1=
1A
b11 K
1*
#6228000
0*
#6246000
b100 9
b100 8
0=
0A
b101 7
b111 K
b100 D
1*
#6264000
0*
#6282000
1*
#6300000
0*
#6318000
1*
#6336000
0*
#6354000
1*
#6364000
b11 O
01
#6372000
0*
#6390000
b110 K
1*
#6408000
0*
#6426000
1B
b100 K
1*
#6444000
0*
#6462000
0B
b0 K
b11010000 M
1*
#6480000
0*
#6498000
1$
1*
#6516000
0*
#6534000
1*
#6552000
0*
#6570000
1*
#6586000
b10101000 N
11
#6588000
0*
#6606000
b1 K
1*
#6624000
0*
#6642000
b101 9
b101 8
1=
1A
b11 K
1*
#6660000
0*
#6678000
b101 9
b101 8
0=
0A
b110 7
b111 K
b101 D
1*
#6696000
0*
#6714000
1*
#6732000
0*
#6750000
1*
#6768000
0*
#6786000
1*
#6804000
0*
#6808000
b10 O
01
#6822000
b110 K
1*
#6840000
0*
#6858000
1B
b100 K
1*
#6876000
0*
#6894000
0B
b0 K
b10100000 M
1*
#6912000
0*
#6930000
1*
#6948000
0*
#6966000
1*
#6984000
0*
#7002000
1*
#7020000
0*
#7030000
b10101100 N
11
#7038000
b1 K
1*
#7056000
0*
#7074000
b110 9
b110 8
1=
1A
b11 K
1*
#7092000
0*
#7110000
b110 9
b110 8
0=
0A
b111 7
b111 K
b110 D
1*
#7128000
0*
#7146000
1*
#7164000
0*
#7182000
1*
#7200000
0*
#7218000
1*
#7236000
0*
#7252000
b1 O
01
#7254000
b110 K
1*
#7272000
0*
#7290000
1B
b100 K
1*
#7308000
0*
#7326000
0B
b0 K
b1000000 M
1*
#7344000
0*
#7362000
0$
1*
#7380000
0*
#7398000
1*
#7416000
0*
#7434000
1*
#7452000
0*
#7470000
1*
#7474000
11
#7488000
0*
#7506000
b1 K
1*
#7524000
0*
#7542000
b111 9
b111 8
1=
1A
b11 K
1*
#7560000
0*
#7578000
b111 9
b111 8
0=
0#
06
b0 7
0A
b111 D
b111 K
1*
#7596000
0*
#7614000
1*
#7632000
0*
#7650000
1*
#7668000
0*
#7686000
1*
#7696000
b0 O
01
#7704000
0*
#7722000
b110 K
1*
#7740000
0*
#7758000
1B
b100 K
1*
#7776000
0*
#7794000
0B
b10000000 M
b0 K
1*
#7812000
0*
#7830000
1$
1*
#7848000
0*
#7866000
1*
#7884000
0*
#7902000
1*
#7918000
b10101101 N
11
#7920000
0*
#7938000
b1 K
1*
#7956000
0*
#7974000
b0 9
b0 8
1#
16
1=
1A
b11 K
1*
#7992000
0*
#8010000
b1 7
0=
0#
06
0A
b10 3
1E
1G
b0 D
b111 K
1*
#8028000
0*
#8046000
1?
0G
1%
1F
0E
b10111110 "
b10111110 >
b10111110 2
1*
#8064000
0*
#8082000
0?
b10111110 M
0F
0%
1*
#8100000
0*
#8118000
1*
#8136000
0*
#8140000
b0 N
b10 4
b10101101 +
b111 O
01
#8154000
b110 K
1*
#8172000
0*
#8190000
1B
b100 K
1*
#8208000
0*
#8226000
0B
b0 K
1*
#8244000
0*
#8262000
1*
#8280000
0*
#8298000
1*
#8316000
0*
#8334000
1*
#8352000
0*
#8362000
b10000000 N
11
#8370000
b1 K
1*
#8388000
0*
#8406000
b1 9
b1 8
1=
1A
b11 K
1*
#8424000
0*
#8442000
b1 9
b1 8
0=
b10 7
0A
b1 D
b111 K
1*
#8460000
0*
#8478000
1*
#8496000
0*
#8514000
1*
#8532000
0*
#8550000
1*
#8568000
0*
#8584000
b110 O
01
#8586000
b110 K
1*
#8604000
0*
#8622000
1B
b100 K
1*
#8640000
0*
#8658000
0B
b1111100 M
b0 K
1*
#8676000
0*
#8694000
0$
1*
#8712000
0*
#8730000
1*
#8748000
0*
#8766000
1*
#8784000
0*
#8802000
1*
#8806000
11
#8820000
0*
#8838000
b1 K
1*
#8856000
0*
#8874000
b10 9
b10 8
1=
1A
b11 K
1*
#8892000
0*
#8910000
b10 9
b10 8
0=
0A
b11 7
b111 K
b10 D
1*
#8928000
0*
#8946000
1*
#8964000
0*
#8982000
1*
#9000000
0*
#9018000
1*
#9028000
b101 O
01
#9036000
0*
#9054000
b110 K
1*
#9072000
0*
#9090000
1B
b100 K
1*
#9108000
0*
#9126000
0B
b0 K
b11111000 M
1*
#9144000
0*
#9162000
1$
1*
#9180000
0*
#9198000
1*
#9216000
0*
#9234000
1*
#9250000
b10100000 N
11
#9252000
0*
#9270000
b1 K
1*
#9288000
0*
#9306000
b11 9
b11 8
1=
1A
b11 K
1*
#9324000
0*
#9342000
b11 9
b11 8
0=
0A
b100 7
b111 K
b11 D
1*
#9360000
0*
#9378000
1*
#9396000
0*
#9414000
1*
#9432000
0*
#9450000
1*
#9468000
0*
#9472000
b100 O
01
#9486000
b110 K
1*
#9504000
0*
#9522000
1B
b100 K
1*
#9540000
0*
#9558000
0B
b0 K
b11110000 M
1*
#9576000
0*
#9594000
1*
#9612000
0*
#9630000
1*
#9648000
0*
#9666000
1*
#9684000
0*
#9694000
b10110000 N
11
#9702000
b1 K
1*
#9720000
0*
#9738000
b100 9
b100 8
1=
1A
b11 K
1*
#9756000
0*
#9774000
b100 9
b100 8
0=
0A
b101 7
b111 K
b100 D
1*
#9792000
0*
#9810000
1*
#9828000
0*
#9846000
1*
#9864000
0*
#9882000
1*
#9900000
0*
#9916000
b11 O
01
#9918000
b110 K
1*
#9936000
0*
#9954000
1B
b100 K
1*
#9972000
0*
#9990000
0B
b0 K
b11100000 M
1*
#10008000
0*
#10026000
1*
#10044000
0*
#10062000
1*
#10080000
0*
#10098000
1*
#10116000
0*
#10134000
1*
#10138000
b10111000 N
11
#10152000
0*
#10170000
b1 K
1*
#10188000
0*
#10206000
b101 9
b101 8
1=
1A
b11 K
1*
#10224000
0*
#10242000
b101 9
b101 8
0=
b110 7
0A
b101 D
b111 K
1*
#10260000
0*
#10278000
1*
#10296000
0*
#10314000
1*
#10332000
0*
#10350000
1*
#10360000
b10 O
01
#10368000
0*
#10386000
b110 K
1*
#10404000
0*
#10422000
1B
b100 K
1*
#10440000
0*
#10458000
0B
b11000000 M
b0 K
1*
#10476000
0*
#10494000
1*
#10512000
0*
#10530000
1*
#10548000
0*
#10566000
1*
#10582000
b10111100 N
11
#10584000
0*
#10602000
b1 K
1*
#10620000
0*
#10638000
b110 9
b110 8
1=
1A
b11 K
1*
#10656000
0*
#10674000
b110 9
b110 8
0=
b111 7
0A
b110 D
b111 K
1*
#10692000
0*
#10710000
1*
#10728000
0*
#10746000
1*
#10764000
0*
#10782000
1*
#10800000
0*
#10804000
b1 O
01
#10818000
b110 K
1*
#10836000
0*
#10854000
1B
b100 K
1*
#10872000
0*
#10890000
0B
b10000000 M
b0 K
1*
#10908000
0*
#10926000
1*
#10944000
0*
#10962000
1*
#10980000
0*
#10998000
1*
#11016000
0*
#11026000
b10111110 N
11
#11034000
b1 K
1*
#11052000
0*
#11070000
b111 9
b111 8
1=
1A
b11 K
1*
#11088000
0*
#11106000
b111 9
b111 8
0=
0#
06
b0 7
0A
b111 D
b111 K
1*
#11124000
0*
#11142000
1*
#11160000
0*
#11178000
1*
#11196000
0*
#11214000
1*
#11232000
0*
#11248000
b0 O
01
#11250000
b110 K
1*
#11268000
0*
#11286000
1B
b100 K
1*
#11304000
0*
#11322000
0B
b0 M
b0 K
1*
#11340000
0*
#11358000
0$
1*
#11376000
0*
#11394000
1*
#11412000
0*
#11430000
1*
#11448000
0*
#11466000
1*
#11470000
11
#11484000
0*
#11502000
b1 K
1*
#11520000
0*
#11538000
b0 9
b0 8
1#
16
1=
1A
b11 K
1*
#11556000
0*
#11574000
b1 7
0=
0A
0#
06
b111 K
1G
b0 D
1E
b11 3
1*
#11592000
0*
#11610000
1?
b11101111 "
b11101111 >
b11101111 2
1F
0E
1%
0G
1*
#11628000
0*
#11646000
0?
0%
0F
b11101111 M
1*
#11664000
0*
#11682000
1$
1*
#11692000
b0 N
b11 4
b10111110 +
b111 O
01
#11700000
0*
#11718000
b110 K
1*
#11736000
0*
#11754000
1B
b100 K
1*
#11772000
0*
#11790000
0B
b0 K
1*
#11808000
0*
#11826000
1*
#11844000
0*
#11862000
1*
#11880000
0*
#11898000
1*
#11914000
b10000000 N
11
#11916000
0*
#11934000
b1 K
1*
#11952000
0*
#11970000
b1 9
b1 8
1=
1A
b11 K
1*
#11988000
0*
#12006000
b1 9
b1 8
0=
0A
b10 7
b111 K
b1 D
1*
#12024000
0*
#12042000
1*
#12060000
0*
#12078000
1*
#12096000
0*
#12114000
1*
#12132000
0*
#12136000
b110 O
01
#12150000
b110 K
1*
#12168000
0*
#12186000
1B
b100 K
1*
#12204000
0*
#12222000
0B
b0 K
b11011110 M
1*
#12240000
0*
#12258000
1*
#12276000
0*
#12294000
1*
#12312000
0*
#12330000
1*
#12348000
0*
#12358000
b11000000 N
11
#12366000
b1 K
1*
#12384000
0*
#12402000
b10 9
b10 8
1=
1A
b11 K
1*
#12420000
0*
#12438000
b10 9
b10 8
0=
0A
b11 7
b111 K
b10 D
1*
#12456000
0*
#12474000
1*
#12492000
0*
#12510000
1*
#12528000
0*
#12546000
1*
#12564000
0*
#12580000
b101 O
01
#12582000
b110 K
1*
#12600000
0*
#12618000
1B
b100 K
1*
#12636000
0*
#12654000
0B
b0 K
b10111100 M
1*
#12672000
0*
#12690000
1*
#12708000
0*
#12726000
1*
#12744000
0*
#12762000
1*
#12780000
0*
#12798000
1*
#12802000
b11100000 N
11
#12816000
0*
#12834000
b1 K
1*
#12852000
0*
#12870000
b11 9
b11 8
1=
1A
b11 K
1*
#12888000
0*
#12906000
b11 9
b11 8
0=
b100 7
0A
b11 D
b111 K
1*
#12924000
0*
#12942000
1*
#12960000
0*
#12978000
1*
#12996000
0*
#13014000
1*
#13024000
b100 O
01
#13032000
0*
#13050000
b110 K
1*
#13068000
0*
#13086000
1B
b100 K
1*
#13104000
0*
#13122000
0B
b1111000 M
b0 K
1*
#13140000
0*
#13158000
0$
1*
#13176000
0*
#13194000
1*
#13212000
0*
#13230000
1*
#13246000
11
#13248000
0*
#13266000
b1 K
1*
#13284000
0*
#13302000
b100 9
b100 8
1=
1A
b11 K
1*
#13320000
0*
#13338000
b100 9
b100 8
0=
b101 7
0A
b100 D
b111 K
1*
#13356000
0*
#13374000
1*
#13392000
0*
#13410000
1*
#13428000
0*
#13446000
1*
#13464000
0*
#13468000
b11 O
01
#13482000
b110 K
1*
#13500000
0*
#13518000
1B
b100 K
1*
#13536000
0*
#13554000
0B
b11110000 M
b0 K
1*
#13572000
0*
#13590000
1$
1*
#13608000
0*
#13626000
1*
#13644000
0*
#13662000
1*
#13680000
0*
#13690000
b11101000 N
11
#13698000
b1 K
1*
#13716000
0*
#13734000
b101 9
b101 8
1=
1A
b11 K
1*
#13752000
0*
#13770000
b101 9
b101 8
0=
b110 7
0A
b101 D
b111 K
1*
#13788000
0*
#13806000
1*
#13824000
0*
#13842000
1*
#13860000
0*
#13878000
1*
#13896000
0*
#13912000
b10 O
01
#13914000
b110 K
1*
#13932000
0*
#13950000
1B
b100 K
1*
#13968000
0*
#13986000
0B
b11100000 M
b0 K
1*
#14004000
0*
#14022000
1*
#14040000
0*
#14058000
1*
#14076000
0*
#14094000
1*
#14112000
0*
#14130000
1*
#14134000
b11101100 N
11
#14148000
0*
#14166000
b1 K
1*
#14184000
0*
#14202000
b110 9
b110 8
1=
1A
b11 K
1*
#14220000
0*
#14238000
b110 9
b110 8
0=
0A
b111 7
b111 K
b110 D
1*
#14256000
0*
#14274000
1*
#14292000
0*
#14310000
1*
#14328000
0*
#14346000
1*
#14356000
b1 O
01
#14364000
0*
#14382000
b110 K
1*
#14400000
0*
#14418000
1B
b100 K
1*
#14436000
0*
#14454000
0B
b0 K
b11000000 M
1*
#14472000
0*
#14490000
1*
#14508000
0*
#14526000
1*
#14544000
0*
#14562000
1*
#14578000
b11101110 N
11
#14580000
0*
#14598000
b1 K
1*
#14616000
0*
#14634000
b111 9
b111 8
1=
1A
b11 K
1*
#14652000
0*
#14670000
b111 9
b111 8
0=
0A
0#
06
b0 7
b111 K
b111 D
1*
#14688000
0*
#14706000
1*
#14724000
0*
#14742000
1*
#14760000
0*
#14778000
1*
#14796000
0*
#14800000
b0 O
01
#14814000
b110 K
1*
#14832000
0*
#14850000
1B
b100 K
1*
#14868000
0*
#14886000
0B
b0 K
b10000000 M
1*
#14904000
0*
#14922000
1*
#14940000
0*
#14958000
1*
#14976000
0*
#14994000
1*
#15012000
0*
#15022000
b11101111 N
11
#15030000
b1 K
1*
#15048000
0*
#15066000
b0 9
b0 8
1#
16
1=
1A
b11 K
1*
#15084000
0*
#15102000
b1 7
0=
0A
0#
06
b111 K
1G
b0 D
1E
b100 3
1*
#15120000
0*
#15138000
1?
b1 "
b1 >
b1 2
1F
0E
1%
0G
1*
#15156000
0*
#15174000
0?
0%
0F
b1 M
1*
#15192000
0*
#15210000
0$
1*
#15228000
0*
#15244000
b0 N
b100 4
b11101111 +
b111 O
01
#15246000
b110 K
1*
#15264000
0*
#15282000
1B
b100 K
1*
#15300000
0*
#15318000
0B
b0 K
1*
#15336000
0*
#15354000
1*
#15372000
0*
#15390000
1*
#15408000
0*
#15426000
1*
#15444000
0*
#15462000
1*
#15466000
11
#15480000
0*
#15498000
b1 K
1*
#15516000
0*
#15534000
b1 9
b1 8
1=
1A
b11 K
1*
#15552000
0*
#15570000
b1 9
b1 8
0=
b10 7
0A
b1 D
b111 K
1*
#15588000
0*
#15606000
1*
#15624000
0*
#15642000
1*
#15660000
0*
#15678000
1*
#15688000
b110 O
01
#15696000
0*
#15714000
b110 K
1*
#15732000
0*
#15750000
1B
b100 K
1*
#15768000
0*
#15786000
0B
b10 M
b0 K
1*
#15804000
0*
#15822000
1*
#15840000
0*
#15858000
1*
#15876000
0*
#15894000
1*
#15910000
11
#15912000
0*
#15930000
b1 K
1*
#15948000
0*
#15966000
b10 9
b10 8
1=
1A
b11 K
1*
#15984000
0*
#16002000
b10 9
b10 8
0=
b11 7
0A
b10 D
b111 K
1*
#16020000
0*
#16038000
1*
#16056000
0*
#16074000
1*
#16092000
0*
#16110000
1*
#16128000
0*
#16132000
b101 O
01
#16146000
b110 K
1*
#16164000
0*
#16182000
1B
b100 K
1*
#16200000
0*
#16218000
0B
b100 M
b0 K
1*
#16236000
0*
#16254000
1*
#16272000
0*
#16290000
1*
#16308000
0*
#16326000
1*
#16344000
0*
#16354000
11
#16362000
b1 K
1*
#16380000
0*
#16398000
b11 9
b11 8
1=
1A
b11 K
1*
#16416000
0*
#16434000
b11 9
b11 8
0=
b100 7
0A
b11 D
b111 K
1*
#16452000
0*
#16470000
1*
#16488000
0*
#16506000
1*
#16524000
0*
#16542000
1*
#16560000
0*
#16576000
b100 O
01
#16578000
b110 K
1*
#16596000
0*
#16614000
1B
b100 K
1*
#16632000
0*
#16650000
0B
b1000 M
b0 K
1*
#16668000
0*
#16686000
1*
#16704000
0*
#16722000
1*
#16740000
0*
#16758000
1*
#16776000
0*
#16794000
1*
#16798000
11
#16812000
0*
#16830000
b1 K
1*
#16848000
0*
#16866000
b100 9
b100 8
1=
1A
b11 K
1*
#16884000
0*
#16902000
b100 9
b100 8
0=
0A
b101 7
b111 K
b100 D
1*
#16920000
0*
#16938000
1*
#16956000
0*
#16974000
1*
#16992000
0*
#17010000
1*
#17020000
b11 O
01
#17028000
0*
#17046000
b110 K
1*
#17064000
0*
#17082000
1B
b100 K
1*
#17100000
0*
#17118000
0B
b0 K
b10000 M
1*
#17136000
0*
#17154000
1*
#17172000
0*
#17190000
1*
#17208000
0*
#17226000
1*
#17242000
11
#17244000
0*
#17262000
b1 K
1*
#17280000
0*
#17298000
b101 9
b101 8
1=
1A
b11 K
1*
#17316000
0*
#17334000
b101 9
b101 8
0=
0A
b110 7
b111 K
b101 D
1*
#17352000
0*
#17370000
1*
#17388000
0*
#17406000
1*
#17424000
0*
#17442000
1*
#17460000
0*
#17464000
b10 O
01
#17478000
b110 K
1*
#17496000
0*
#17514000
1B
b100 K
1*
#17532000
0*
#17550000
0B
b0 K
b100000 M
1*
#17568000
0*
#17586000
1*
#17604000
0*
#17622000
1*
#17640000
0*
#17658000
1*
#17676000
0*
#17686000
11
#17694000
b1 K
1*
#17712000
0*
#17730000
b110 9
b110 8
1=
1A
b11 K
1*
#17748000
0*
#17766000
b110 9
b110 8
0=
0A
b111 7
b111 K
b110 D
1*
#17784000
0*
#17802000
1*
#17820000
0*
#17838000
1*
#17856000
0*
#17874000
1*
#17892000
0*
#17908000
b1 O
01
#17910000
b110 K
1*
#17928000
0*
#17946000
1B
b100 K
1*
#17964000
0*
#17982000
0B
b0 K
b1000000 M
1*
#18000000
0*
#18018000
1*
#18036000
0*
#18054000
1*
#18072000
0*
#18090000
1*
#18108000
0*
#18126000
1*
#18130000
11
#18144000
0*
#18162000
b1 K
1*
#18180000
0*
#18198000
b111 9
b111 8
1=
1A
b11 K
1*
#18216000
0*
#18234000
b111 9
b111 8
0=
0#
06
b0 7
0A
b111 D
b111 K
1*
#18252000
0*
#18270000
1*
#18288000
0*
#18306000
1*
#18324000
0*
#18342000
1*
#18352000
b0 O
01
#18360000
0*
#18378000
b110 K
1*
#18396000
0*
#18414000
1B
b100 K
1*
#18432000
0*
#18450000
0B
b10000000 M
b0 K
1*
#18468000
0*
#18486000
1$
1*
#18504000
0*
#18522000
1*
#18540000
0*
#18558000
1*
#18574000
b1 N
11
#18576000
0*
#18594000
b1 K
1*
#18612000
0*
#18630000
b0 9
b0 8
1#
16
1=
1A
b11 K
1*
#18648000
0*
#18666000
b1 7
0=
0#
06
0A
b101 3
1E
1G
b0 D
b111 K
1*
#18684000
0*
#18702000
1?
0G
1%
1F
0E
b100011 "
b100011 >
b100011 2
1*
#18720000
0*
#18738000
0?
b100011 M
0F
0%
1*
#18756000
0*
#18774000
0$
1*
#18792000
0*
#18796000
b0 N
b101 4
b1 +
b111 O
01
#18810000
b110 K
1*
#18828000
0*
#18846000
1B
b100 K
1*
#18864000
0*
#18882000
0B
b0 K
1*
#18900000
0*
#18918000
1*
#18936000
0*
#18954000
1*
#18972000
0*
#18990000
1*
#19008000
0*
#19018000
11
#19026000
b1 K
1*
#19044000
0*
#19062000
b1 9
b1 8
1=
1A
b11 K
1*
#19080000
0*
#19098000
b1 9
b1 8
0=
b10 7
0A
b1 D
b111 K
1*
#19116000
0*
#19134000
1*
#19152000
0*
#19170000
1*
#19188000
0*
#19206000
1*
#19224000
0*
#19240000
b110 O
01
#19242000
b110 K
1*
#19260000
0*
#19278000
1B
b100 K
1*
#19296000
0*
#19314000
0B
b1000110 M
b0 K
1*
#19332000
0*
#19350000
1*
#19368000
0*
#19386000
1*
#19404000
0*
#19422000
1*
#19440000
0*
#19458000
1*
#19462000
11
#19476000
0*
#19494000
b1 K
1*
#19512000
0*
#19530000
b10 9
b10 8
1=
1A
b11 K
1*
#19548000
0*
#19566000
b10 9
b10 8
0=
0A
b11 7
b111 K
b10 D
1*
#19584000
0*
#19602000
1*
#19620000
0*
#19638000
1*
#19656000
0*
#19674000
1*
#19684000
b101 O
01
#19692000
0*
#19710000
b110 K
1*
#19728000
0*
#19746000
1B
b100 K
1*
#19764000
0*
#19782000
0B
b0 K
b10001100 M
1*
#19800000
0*
#19818000
1$
1*
#19836000
0*
#19854000
1*
#19872000
0*
#19890000
1*
#19906000
b100000 N
11
#19908000
0*
#19926000
b1 K
1*
#19944000
0*
#19962000
b11 9
b11 8
1=
1A
b11 K
1*
#19980000
0*
#19998000
b11 9
b11 8
0=
0A
b100 7
b111 K
b11 D
1*
#20016000
0*
#20034000
1*
#20052000
0*
#20070000
1*
#20088000
0*
#20106000
1*
#20124000
0*
#20128000
b100 O
01
#20142000
b110 K
1*
#20160000
0*
#20178000
1B
b100 K
1*
#20196000
0*
#20214000
0B
b0 K
b11000 M
1*
#20232000
0*
#20250000
0$
1*
#20268000
0*
#20286000
1*
#20304000
0*
#20322000
1*
#20340000
0*
#20350000
11
#20358000
b1 K
1*
#20376000
0*
#20394000
b100 9
b100 8
1=
1A
b11 K
1*
#20412000
0*
#20430000
b100 9
b100 8
0=
0A
b101 7
b111 K
b100 D
1*
#20448000
0*
#20466000
1*
#20484000
0*
#20502000
1*
#20520000
0*
#20538000
1*
#20556000
0*
#20572000
b11 O
01
#20574000
b110 K
1*
#20592000
0*
#20610000
1B
b100 K
1*
#20628000
0*
#20646000
0B
b0 K
b110000 M
1*
#20664000
0*
#20682000
1*
#20700000
0*
#20718000
1*
#20736000
0*
#20754000
1*
#20772000
0*
#20790000
1*
#20794000
11
#20808000
0*
#20826000
b1 K
1*
#20844000
0*
#20862000
b101 9
b101 8
1=
1A
b11 K
1*
#20880000
0*
#20898000
b101 9
b101 8
0=
b110 7
0A
b101 D
b111 K
1*
#20916000
0*
#20934000
1*
#20952000
0*
#20970000
1*
#20988000
0*
#21006000
1*
#21016000
b10 O
01
#21024000
0*
#21042000
b110 K
1*
#21060000
0*
#21078000
1B
b100 K
1*
#21096000
0*
#21114000
0B
b1100000 M
b0 K
1*
#21132000
0*
#21150000
1*
#21168000
0*
#21186000
1*
#21204000
0*
#21222000
1*
#21238000
11
#21240000
0*
#21258000
b1 K
1*
#21276000
0*
#21294000
b110 9
b110 8
1=
1A
b11 K
1*
#21312000
0*
#21330000
b110 9
b110 8
0=
b111 7
0A
b110 D
b111 K
1*
#21348000
0*
#21366000
1*
#21384000
0*
#21402000
1*
#21420000
0*
#21438000
1*
#21456000
0*
#21460000
b1 O
01
#21474000
b110 K
1*
#21492000
0*
#21510000
1B
b100 K
1*
#21528000
0*
#21546000
0B
b11000000 M
b0 K
1*
#21564000
0*
#21582000
1$
1*
#21600000
0*
#21618000
1*
#21636000
0*
#21654000
1*
#21672000
0*
#21682000
b100010 N
11
#21690000
b1 K
1*
#21708000
0*
#21726000
b111 9
b111 8
1=
1A
b11 K
1*
#21744000
0*
#21762000
b111 9
b111 8
0=
0#
06
b0 7
0A
b111 D
b111 K
1*
#21780000
0*
#21798000
1*
#21816000
0*
#21834000
1*
#21852000
0*
#21870000
1*
#21888000
0*
#21904000
b0 O
01
#21906000
b110 K
1*
#21924000
0*
#21942000
1B
b100 K
1*
#21960000
0*
#21978000
0B
b10000000 M
b0 K
1*
#21996000
0*
#22014000
1*
#22032000
0*
#22050000
1*
#22068000
0*
#22086000
1*
#22104000
0*
#22122000
1*
#22126000
b100011 N
11
#22140000
0*
#22158000
b1 K
1*
#22176000
0*
#22194000
b0 9
b0 8
1#
16
1=
1A
b11 K
1*
#22212000
0*
#22230000
b1 7
0=
0A
0#
06
b111 K
1G
b0 D
1E
b110 3
1*
#22248000
0*
#22266000
1?
b1000101 "
b1000101 >
b1000101 2
1F
0E
1%
0G
1*
#22284000
0*
#22302000
0?
0%
0F
b1000101 M
1*
#22320000
0*
#22338000
0$
1*
#22348000
b0 N
b110 4
b100011 +
b111 O
01
#22356000
0*
#22374000
b110 K
1*
#22392000
0*
#22410000
1B
b100 K
1*
#22428000
0*
#22446000
0B
b0 K
1*
#22464000
0*
#22482000
1*
#22500000
0*
#22518000
1*
#22536000
0*
#22554000
1*
#22570000
11
#22572000
0*
#22590000
b1 K
1*
#22608000
0*
#22626000
b1 9
b1 8
1=
1A
b11 K
1*
#22644000
0*
#22662000
b1 9
b1 8
0=
0A
b10 7
b111 K
b1 D
1*
#22680000
0*
#22698000
1*
#22716000
0*
#22734000
1*
#22752000
0*
#22770000
1*
#22788000
0*
#22792000
b110 O
01
#22806000
b110 K
1*
#22824000
0*
#22842000
1B
b100 K
1*
#22860000
0*
#22878000
0B
b0 K
b10001010 M
1*
#22896000
0*
#22914000
1$
1*
#22932000
0*
#22950000
1*
#22968000
0*
#22986000
1*
#23004000
0*
#23014000
b1000000 N
11
#23022000
b1 K
1*
#23040000
0*
#23058000
b10 9
b10 8
1=
1A
b11 K
1*
#23076000
0*
#23094000
b10 9
b10 8
0=
0A
b11 7
b111 K
b10 D
1*
#23112000
0*
#23130000
1*
#23148000
0*
#23166000
1*
#23184000
0*
#23202000
1*
#23220000
0*
#23236000
b101 O
01
#23238000
b110 K
1*
#23256000
0*
#23274000
1B
b100 K
1*
#23292000
0*
#23310000
0B
b0 K
b10100 M
1*
#23328000
0*
#23346000
0$
1*
#23364000
0*
#23382000
1*
#23400000
0*
#23418000
1*
#23436000
0*
#23454000
1*
#23458000
11
#23472000
0*
#23490000
b1 K
1*
#23508000
0*
#23526000
b11 9
b11 8
1=
1A
b11 K
1*
#23544000
0*
#23562000
b11 9
b11 8
0=
b100 7
0A
b11 D
b111 K
1*
#23580000
0*
#23598000
1*
#23616000
0*
#23634000
1*
#23652000
0*
#23670000
1*
#23680000
b100 O
01
#23688000
0*
#23706000
b110 K
1*
#23724000
0*
#23742000
1B
b100 K
1*
#23760000
0*
#23778000
0B
b101000 M
b0 K
1*
#23796000
0*
#23814000
1*
#23832000
0*
#23850000
1*
#23868000
0*
#23886000
1*
#23902000
11
#23904000
0*
#23922000
b1 K
1*
#23940000
0*
#23958000
b100 9
b100 8
1=
1A
b11 K
1*
#23976000
0*
#23994000
b100 9
b100 8
0=
b101 7
0A
b100 D
b111 K
1*
#24012000
0*
#24030000
1*
#24048000
0*
#24066000
1*
#24084000
0*
#24102000
1*
#24120000
0*
#24124000
b11 O
01
#24138000
b110 K
1*
#24156000
0*
#24174000
1B
b100 K
1*
#24192000
0*
#24210000
0B
b1010000 M
b0 K
1*
#24228000
0*
#24246000
1*
#24264000
0*
#24282000
1*
#24300000
0*
#24318000
1*
#24336000
0*
#24346000
11
#24354000
b1 K
1*
#24372000
0*
#24390000
b101 9
b101 8
1=
1A
b11 K
1*
#24408000
0*
#24426000
b101 9
b101 8
0=
b110 7
0A
b101 D
b111 K
1*
#24444000
0*
#24462000
1*
#24480000
0*
#24498000
1*
#24516000
0*
#24534000
1*
#24552000
0*
#24568000
b10 O
01
#24570000
b110 K
1*
#24588000
0*
#24606000
1B
b100 K
1*
#24624000
0*
#24642000
0B
b10100000 M
b0 K
1*
#24660000
0*
#24678000
1$
1*
#24696000
0*
#24714000
1*
#24732000
0*
#24750000
1*
#24768000
0*
#24786000
1*
#24790000
b1000100 N
11
#24804000
0*
#24822000
b1 K
1*
#24840000
0*
#24858000
b110 9
b110 8
1=
1A
b11 K
1*
#24876000
0*
#24894000
b110 9
b110 8
0=
0A
b111 7
b111 K
b110 D
1*
#24912000
0*
#24930000
1*
#24948000
0*
#24966000
1*
#24984000
0*
#25002000
1*
#25012000
b1 O
01
#25020000
0*
#25038000
b110 K
1*
#25056000
0*
#25074000
1B
b100 K
1*
#25092000
0*
#25110000
0B
b0 K
b1000000 M
1*
#25128000
0*
#25146000
0$
1*
#25164000
0*
#25182000
1*
#25200000
0*
#25218000
1*
#25234000
11
#25236000
0*
#25254000
b1 K
1*
#25272000
0*
#25290000
b111 9
b111 8
1=
1A
b11 K
1*
#25308000
0*
#25326000
b111 9
b111 8
0=
0A
0#
06
b0 7
b111 K
b111 D
1*
#25344000
0*
#25362000
1*
#25380000
0*
#25398000
1*
#25416000
0*
#25434000
1*
#25452000
0*
#25456000
b0 O
01
#25470000
b110 K
1*
#25488000
0*
#25506000
1B
b100 K
1*
#25524000
0*
#25542000
0B
b0 K
b10000000 M
1*
#25560000
0*
#25578000
1$
1*
#25596000
0*
#25614000
1*
#25632000
0*
#25650000
1*
#25668000
0*
#25678000
b1000101 N
11
#25686000
b1 K
1*
#25704000
0*
#25722000
b0 9
b0 8
1#
16
1=
1A
b11 K
1*
#25740000
0*
#25758000
b1 7
0=
0A
0#
06
b111 K
1G
b0 D
1E
b111 3
1*
#25776000
0*
#25794000
1?
b1100111 "
b1100111 >
b1100111 2
1F
0E
1%
0G
1*
#25812000
0*
#25830000
0?
0%
0F
b1100111 M
1*
#25848000
0*
#25866000
0$
1*
#25884000
0*
#25900000
b0 N
b111 4
b1000101 +
b111 O
01
#25902000
b110 K
1*
#25920000
0*
#25938000
1B
b100 K
1*
#25956000
0*
#25974000
0B
b0 K
1*
#25992000
0*
#26010000
1*
#26028000
0*
#26046000
1*
#26064000
0*
#26082000
1*
#26100000
0*
#26118000
1*
#26122000
11
#26136000
0*
#26154000
b1 K
1*
#26172000
0*
#26190000
b1 9
b1 8
1=
1A
b11 K
1*
#26208000
0*
#26226000
b1 9
b1 8
0=
b10 7
0A
b1 D
b111 K
1*
#26244000
0*
#26262000
1*
#26280000
0*
#26298000
1*
#26316000
0*
#26334000
1*
#26344000
b110 O
01
#26352000
0*
#26370000
b110 K
1*
#26388000
0*
#26406000
1B
b100 K
1*
#26424000
0*
#26442000
0B
b11001110 M
b0 K
1*
#26460000
0*
#26478000
1$
1*
#26496000
0*
#26514000
1*
#26532000
0*
#26550000
1*
#26566000
b1000000 N
11
#26568000
0*
#26586000
b1 K
1*
#26604000
0*
#26622000
b10 9
b10 8
1=
1A
b11 K
1*
#26640000
0*
#26658000
b10 9
b10 8
0=
b11 7
0A
b10 D
b111 K
1*
#26676000
0*
#26694000
1*
#26712000
0*
#26730000
1*
#26748000
0*
#26766000
1*
#26784000
0*
#26788000
b101 O
01
#26802000
b110 K
1*
#26820000
0*
#26838000
1B
b100 K
1*
#26856000
0*
#26874000
0B
b10011100 M
b0 K
1*
#26892000
0*
#26910000
1*
#26928000
0*
#26946000
1*
#26964000
0*
#26982000
1*
#27000000
0*
#27010000
b1100000 N
11
#27018000
b1 K
1*
#27036000
0*
#27054000
b11 9
b11 8
1=
1A
b11 K
1*
#27072000
0*
#27090000
b11 9
b11 8
0=
b100 7
0A
b11 D
b111 K
1*
#27108000
0*
#27126000
1*
#27144000
0*
#27162000
1*
#27180000
0*
#27198000
1*
#27216000
0*
#27232000
b100 O
01
#27234000
b110 K
1*
#27252000
0*
#27270000
1B
b100 K
1*
#27288000
0*
#27306000
0B
b111000 M
b0 K
1*
#27324000
0*
#27342000
0$
1*
#27360000
0*
#27378000
1*
#27396000
0*
#27414000
1*
#27432000
0*
#27450000
1*
#27454000
11
#27468000
0*
#27486000
b1 K
1*
#27504000
0*
#27522000
b100 9
b100 8
1=
1A
b11 K
1*
#27540000
0*
#27558000
b100 9
b100 8
0=
0A
b101 7
b111 K
b100 D
1*
#27576000
0*
#27594000
1*
#27612000
0*
#27630000
1*
#27648000
0*
#27666000
1*
#27676000
b11 O
01
#27684000
0*
#27702000
b110 K
1*
#27720000
0*
#27738000
1B
b100 K
1*
#27756000
0*
#27774000
0B
b0 K
b1110000 M
1*
#27792000
0*
#27810000
1*
#27828000
0*
#27846000
1*
#27864000
0*
#27882000
1*
#27898000
11
#27900000
0*
#27918000
b1 K
1*
#27936000
0*
#27954000
b101 9
b101 8
1=
1A
b11 K
1*
#27972000
0*
#27990000
b101 9
b101 8
0=
0A
b110 7
b111 K
b101 D
1*
#28008000
0*
#28026000
1*
#28044000
0*
#28062000
1*
#28080000
0*
#28098000
1*
#28116000
0*
#28120000
b10 O
01
#28134000
b110 K
1*
#28152000
0*
#28170000
1B
b100 K
1*
#28188000
0*
#28206000
0B
b0 K
b11100000 M
1*
#28224000
0*
#28242000
1$
1*
#28260000
0*
#28278000
1*
#28296000
0*
#28314000
1*
#28332000
0*
#28342000
b1100100 N
11
#28350000
b1 K
1*
#28368000
0*
#28386000
b110 9
b110 8
1=
1A
b11 K
1*
#28404000
0*
#28422000
b110 9
b110 8
0=
0A
b111 7
b111 K
b110 D
1*
#28440000
0*
#28458000
1*
#28476000
0*
#28494000
1*
#28512000
0*
#28530000
1*
#28548000
0*
#28564000
b1 O
01
#28566000
b110 K
1*
#28584000
0*
#28602000
1B
b100 K
1*
#28620000
0*
#28638000
0B
b0 K
b11000000 M
1*
#28656000
0*
#28674000
1*
#28692000
0*
#28710000
1*
#28728000
0*
#28746000
1*
#28764000
0*
#28782000
1*
#28786000
b1100110 N
11
#28800000
0*
#28818000
b1 K
1*
#28836000
0*
#28854000
b111 9
b111 8
1=
1A
b11 K
1*
#28872000
0*
#28890000
b111 9
b111 8
0=
0#
06
b0 7
0A
b111 D
b111 K
1*
#28908000
0*
#28926000
1*
#28944000
0*
#28962000
1*
#28980000
0*
#28998000
1*
#29008000
b0 O
01
#29016000
0*
#29034000
b110 K
1*
#29052000
0*
#29070000
1B
b100 K
1*
#29088000
0*
#29106000
0B
b10000000 M
b0 K
1*
#29124000
0*
#29142000
1*
#29160000
0*
#29178000
1*
#29196000
0*
#29214000
1*
#29230000
b1100111 N
11
#29232000
0*
#29250000
b1 K
1*
#29268000
0*
#29286000
b0 9
b0 8
1#
16
1=
1A
b11 K
1*
#29304000
0*
#29322000
b1 7
0=
0#
06
0A
b1000 3
1E
1G
b0 D
b111 K
1*
#29340000
0*
#29358000
1?
0G
1%
1F
0E
b10001001 "
b10001001 >
b10001001 2
1*
#29376000
0*
#29394000
0?
b10001001 M
0F
0%
1*
#29412000
0*
#29430000
1*
#29448000
0*
#29452000
b1000 4
b1100111 +
b11111111111111111111111111111111 O
01
#29466000
b110 K
1*
#29484000
0*
#29502000
1B
b100 K
1*
#29520000
0*
#29538000
0B
b0 K
1*
#29556000
0*
#29574000
1*
#29592000
0*
#29610000
1*
#29628000
0*
#29646000
1*
#29664000
0*
#29682000
1*
#29700000
0*
#29718000
1*
#29736000
0*
#29754000
1*
#29772000
0*
#29790000
1*
#29808000
0*
#29826000
1*
#29844000
0*
#29862000
1*
#29880000
0*
#29896000
1.
#29898000
1/
b1 H
1*
#29916000
0*
#29934000
b11 H
1*
#29952000
0*
#29970000
1?
0'
0:
b111 H
1*
#29988000
0*
#30006000
0$
1*
#30024000
0*
#30042000
1*
#30060000
0*
#30078000
1*
#30096000
0*
#30114000
1*
#30132000
0*
#30150000
1*
#30168000
0*
#30186000
1*
#30204000
0*
#30222000
1*
#30240000
0*
#30258000
1*
#30276000
0*
#30294000
1*
#30312000
0*
#30330000
1*
#30348000
0*
#30366000
1*
#30384000
0*
#30402000
1*
#30420000
0*
#30438000
1*
#30456000
0*
#30474000
1*
#30492000
0*
#30510000
1*
#30528000
0*
#30546000
1*
#30564000
0*
#30582000
1*
#30600000
0*
#30618000
1*
#30636000
1!
0*
0.
#30654000
0!
b110 H
b0 3
0/
1*
#30672000
0*
#30690000
b11011110 "
b11011110 >
b11011110 2
b100 H
1*
#30708000
0*
#30726000
0?
1'
1:
b0 H
b11011110 M
1*
#30744000
0*
#30762000
1$
1*
#30780000
0*
#30798000
1*
#30816000
0*
#30834000
1*
#30852000
0*
#30870000
1*
#30888000
0*
#30906000
1*
#30924000
0*
#30932000
b111 O
b0 N
#30942000
1*
#30960000
0*
#30978000
1*
#30996000
0*
#31014000
1*
#31032000
0*
#31050000
1*
#31068000
0*
#31086000
1*
#31104000
0*
#31122000
1*
#31140000
0*
#31154000
b10000000 N
11
#31158000
b1 K
1*
#31176000
0*
#31194000
b1 9
b1 8
1=
1A
b11 K
1*
#31212000
0*
#31230000
b1 9
b1 8
0=
0A
b10 7
b111 K
b1 D
1*
#31248000
0*
#31266000
1*
#31284000
0*
#31302000
1*
#31320000
0*
#31338000
1*
#31356000
0*
#31374000
1*
#31376000
b110 O
01
#31392000
0*
#31410000
b110 K
1*
#31428000
0*
#31446000
1B
b100 K
1*
#31464000
0*
#31482000
0B
b10111100 M
b0 K
1*
#31500000
0*
#31518000
1*
#31536000
0*
#31554000
1*
#31572000
0*
#31590000
1*
#31598000
b11000000 N
11
#31608000
0*
#31626000
b1 K
1*
#31644000
0*
#31662000
b10 9
b10 8
1=
1A
b11 K
1*
#31680000
0*
#31698000
b10 9
b10 8
0=
b11 7
0A
b10 D
b111 K
1*
#31716000
0*
#31734000
1*
#31752000
0*
#31770000
1*
#31788000
0*
#31806000
1*
#31820000
b101 O
01
#31824000
0*
#31842000
b110 K
1*
#31860000
0*
#31878000
1B
b100 K
1*
#31896000
0*
#31914000
0B
b1111000 M
b0 K
1*
#31932000
0*
#31950000
0$
1*
#31968000
0*
#31986000
1*
#32004000
0*
#32022000
1*
#32040000
0*
#32042000
11
#32058000
b1 K
1*
#32076000
0*
#32094000
b11 9
b11 8
1=
1A
b11 K
1*
#32112000
0*
#32130000
b11 9
b11 8
0=
b100 7
0A
b11 D
b111 K
1*
#32148000
0*
#32166000
1*
#32184000
0*
#32202000
1*
#32220000
0*
#32238000
1*
#32256000
0*
#32264000
b100 O
01
#32274000
b110 K
1*
#32292000
0*
#32310000
1B
b100 K
1*
#32328000
0*
#32346000
0B
b11110000 M
b0 K
1*
#32364000
0*
#32382000
1$
1*
#32400000
0*
#32418000
1*
#32436000
0*
#32454000
1*
#32472000
0*
#32486000
b11010000 N
11
#32490000
b1 K
1*
#32508000
0*
#32526000
b100 9
b100 8
1=
1A
b11 K
1*
#32544000
0*
#32562000
b100 9
b100 8
0=
b101 7
0A
b100 D
b111 K
1*
#32580000
0*
#32598000
1*
#32616000
0*
#32634000
1*
#32652000
0*
#32670000
1*
#32688000
0*
#32706000
1*
#32708000
b11 O
01
#32724000
0*
#32742000
b110 K
1*
#32760000
0*
#32778000
1B
b100 K
1*
#32796000
0*
#32814000
0B
b0 K
b11100000 M
1*
#32832000
0*
#32850000
1*
#32868000
0*
#32886000
1*
#32904000
0*
#32922000
1*
#32930000
b11011000 N
11
#32940000
0*
#32958000
b1 K
1*
#32976000
0*
#32994000
b101 9
b101 8
1=
1A
b11 K
1*
#33012000
0*
#33030000
b101 9
b101 8
0=
0A
b110 7
b111 K
b101 D
1*
#33048000
0*
#33066000
1*
#33084000
0*
#33102000
1*
#33120000
0*
#33138000
1*
#33152000
b10 O
01
#33156000
0*
#33174000
b110 K
1*
#33192000
0*
#33210000
1B
b100 K
1*
#33228000
0*
#33246000
0B
b0 K
b11000000 M
1*
#33264000
0*
#33282000
1*
#33300000
0*
#33318000
1*
#33336000
0*
#33354000
1*
#33372000
0*
#33374000
b11011100 N
11
#33390000
b1 K
1*
#33408000
0*
#33426000
b110 9
b110 8
1=
1A
b11 K
1*
#33444000
0*
#33462000
b110 9
b110 8
0=
0A
b111 7
b111 K
b110 D
1*
#33480000
0*
#33498000
1*
#33516000
0*
#33534000
1*
#33552000
0*
#33570000
1*
#33588000
0*
#33596000
b1 O
01
#33606000
b110 K
1*
#33624000
0*
#33642000
1B
b100 K
1*
#33660000
0*
#33678000
0B
b0 K
b10000000 M
1*
#33696000
0*
#33714000
1*
#33732000
0*
#33750000
1*
#33768000
0*
#33786000
1*
#33804000
0*
#33818000
b11011110 N
11
#33822000
b1 K
1*
#33840000
0*
#33858000
b111 9
b111 8
1=
1A
b11 K
1*
#33876000
0*
#33894000
b111 9
b111 8
0=
0A
0#
06
b0 7
b111 K
b111 D
1*
#33912000
0*
#33930000
1*
#33948000
0*
#33966000
1*
#33984000
0*
#34002000
1*
#34020000
0*
#34038000
1*
#34040000
b0 O
01
#34056000
0*
#34074000
b110 K
1*
#34092000
0*
#34110000
1B
b100 K
1*
#34128000
0*
#34146000
0B
b0 M
b0 K
1*
#34164000
0*
#34182000
0$
1*
#34200000
0*
#34218000
1*
#34236000
0*
#34254000
1*
#34262000
11
#34272000
0*
#34290000
b1 K
1*
#34308000
0*
#34326000
b0 9
b0 8
1#
16
1=
1A
b11 K
1*
#34344000
0*
#34362000
b1 7
0=
0#
06
0A
b1 3
1E
1G
b0 D
b111 K
1*
#34380000
0*
#34398000
1?
0G
1%
1F
0E
b10101101 "
b10101101 >
b10101101 2
1*
#34416000
0*
#34434000
0?
b10101101 M
0F
0%
1*
#34452000
0*
#34470000
1$
1*
#34484000
b11011110 +
b11111111111111111111111111111111 O
01
#34488000
0*
#34506000
b110 K
1*
#34524000
0*
#34542000
1B
b100 K
1*
#34560000
0*
#34578000
0B
b0 K
1*
#34596000
0*
#34614000
1*
#34632000
0*
#34650000
1*
#34668000
0*
#34686000
1*
#34704000
0*
#34722000
1*
#34740000
0*
#34758000
1*
#34776000
0*
#34794000
1*
#34812000
0*
#34830000
1*
#34848000
0*
#34866000
1*
#34884000
0*
#34902000
1*
#34920000
0*
#34928000
1.
#34938000
1/
b1 H
1*
#34956000
0*
#34974000
b11 H
1*
#34992000
0*
#35010000
1?
0'
0:
b111 H
1*
#35028000
0*
#35046000
0$
1*
#35064000
0*
#35082000
1*
#35100000
0*
#35118000
1*
#35136000
0*
#35154000
1*
#35172000
0*
#35190000
1*
#35208000
0*
#35226000
1*
#35244000
0*
#35262000
1*
#35280000
0*
#35298000
1*
#35316000
0*
#35334000
1*
#35352000
0*
#35370000
1*
#35388000
0*
#35406000
1*
#35424000
0*
#35442000
1*
#35460000
0*
#35478000
1*
#35496000
0*
#35514000
1*
#35532000
0*
#35550000
1*
#35568000
0*
#35586000
1*
#35604000
0*
#35622000
1*
#35640000
0*
#35658000
1*
#35668000
b0 M
b11011110 "
b11011110 >
b11011110 2
b0 3
0,
#35676000
0*
#35694000
1*
#35712000
0*
#35730000
1*
#35748000
0*
#35766000
1*
#35784000
0*
#35802000
1*
#35820000
0*
#35838000
1*
#35853000
1,
#35856000
0*
#35874000
b11011110 M
1*
#35892000
0*
#35910000
1*
#35928000
0*
#35946000
1*
#35964000
0*
#35982000
1*
#36000000
0*
#36018000
1*
#36036000
0*
#36054000
1*
#36072000
0*
#36090000
1*
#36108000
0*
#36126000
1*
#36144000
0*
#36162000
1*
#36180000
0*
#36198000
1*
#36216000
0*
#36223000
1!
0.
#36234000
0!
b110 H
0/
1*
#36252000
0*
#36270000
b100 H
1*
#36288000
0*
#36306000
0?
1'
1:
b0 H
1*
#36324000
0*
#36342000
1$
1*
#36360000
0*
#36378000
1*
#36396000
0*
#36414000
1*
#36432000
0*
#36450000
1*
#36468000
0*
#36486000
1*
#36504000
0*
#36519000
b111 O
b0 N
b0 4
#36522000
1*
#36540000
0*
#36558000
1*
#36576000
0*
#36594000
1*
#36612000
0*
#36630000
1*
#36648000
0*
#36666000
1*
#36684000
0*
#36702000
1*
#36720000
0*
#36738000
1*
#36741000
b10000000 N
11
#36756000
0*
#36774000
b1 K
1*
#36792000
0*
#36810000
b1 9
b1 8
1=
1A
b11 K
1*
#36828000
0*
#36846000
b1 9
b1 8
0=
b10 7
0A
b1 D
b111 K
1*
#36864000
0*
#36882000
1*
#36900000
0*
#36918000
1*
#36936000
0*
#36954000
1*
#36963000
b110 O
01
#36972000
0*
#36990000
b110 K
1*
#37008000
0*
#37026000
1B
b100 K
1*
#37044000
0*
#37062000
0B
b10111100 M
b0 K
1*
#37080000
0*
#37098000
1*
#37116000
0*
#37134000
1*
#37152000
0*
#37170000
1*
#37185000
b11000000 N
11
#37188000
0*
#37206000
b1 K
1*
#37224000
0*
#37242000
b10 9
b10 8
1=
1A
b11 K
1*
#37260000
0*
#37278000
b10 9
b10 8
0=
b11 7
0A
b10 D
b111 K
1*
#37296000
0*
#37314000
1*
#37332000
0*
#37350000
1*
#37368000
0*
#37386000
1*
#37404000
0*
#37407000
b101 O
01
#37422000
b110 K
1*
#37440000
0*
#37458000
1B
b100 K
1*
#37476000
0*
#37494000
0B
b1111000 M
b0 K
1*
#37512000
0*
#37530000
0$
1*
#37548000
0*
#37566000
1*
#37584000
0*
#37602000
1*
#37620000
0*
#37629000
11
#37638000
b1 K
1*
#37656000
0*
#37674000
b11 9
b11 8
1=
1A
b11 K
1*
#37692000
0*
#37710000
b11 9
b11 8
0=
b100 7
0A
b11 D
b111 K
1*
#37728000
0*
#37746000
1*
#37764000
0*
#37782000
1*
#37800000
0*
#37818000
1*
#37836000
0*
#37851000
b100 O
01
#37854000
b110 K
1*
#37872000
0*
#37890000
1B
b100 K
1*
#37908000
0*
#37926000
0B
b11110000 M
b0 K
1*
#37944000
0*
#37962000
1$
1*
#37980000
0*
#37998000
1*
#38016000
0*
#38034000
1*
#38052000
0*
#38070000
1*
#38073000
b11010000 N
11
#38088000
0*
#38106000
b1 K
1*
#38124000
0*
#38142000
b100 9
b100 8
1=
1A
b11 K
1*
#38160000
0*
#38178000
b100 9
b100 8
0=
0A
b101 7
b111 K
b100 D
1*
#38196000
0*
#38214000
1*
#38232000
0*
#38250000
1*
#38268000
0*
#38286000
1*
#38295000
b11 O
01
#38304000
0*
#38322000
b110 K
1*
#38340000
0*
#38358000
1B
b100 K
1*
#38376000
0*
#38394000
0B
b0 K
b11100000 M
1*
#38412000
0*
#38430000
1*
#38448000
0*
#38466000
1*
#38484000
0*
#38502000
1*
#38517000
b11011000 N
11
#38520000
0*
#38538000
b1 K
1*
#38556000
0*
#38574000
b101 9
b101 8
1=
1A
b11 K
1*
#38592000
0*
#38610000
b101 9
b101 8
0=
0A
b110 7
b111 K
b101 D
1*
#38628000
0*
#38646000
1*
#38664000
0*
#38682000
1*
#38700000
0*
#38718000
1*
#38736000
0*
#38739000
b10 O
01
#38754000
b110 K
1*
#38772000
0*
#38790000
1B
b100 K
1*
#38808000
0*
#38826000
0B
b0 K
b11000000 M
1*
#38844000
0*
#38862000
1*
#38880000
0*
#38898000
1*
#38916000
0*
#38934000
1*
#38952000
0*
#38961000
b11011100 N
11
#38970000
b1 K
1*
#38988000
0*
#39006000
b110 9
b110 8
1=
1A
b11 K
1*
#39024000
0*
#39042000
b110 9
b110 8
0=
0A
b111 7
b111 K
b110 D
1*
#39060000
0*
#39078000
1*
#39096000
0*
#39114000
1*
#39132000
0*
#39150000
1*
#39168000
0*
#39183000
b1 O
01
#39186000
b110 K
1*
#39204000
0*
#39222000
1B
b100 K
1*
#39240000
0*
#39258000
0B
b0 K
b10000000 M
1*
#39276000
0*
#39294000
1*
#39312000
0*
#39330000
1*
#39348000
0*
#39366000
1*
#39384000
0*
#39402000
1*
#39405000
b11011110 N
11
#39420000
0*
#39438000
b1 K
1*
#39456000
0*
#39474000
b111 9
b111 8
1=
1A
b11 K
1*
#39492000
0*
#39510000
b111 9
b111 8
0=
0#
06
b0 7
0A
b111 D
b111 K
1*
#39528000
0*
#39546000
1*
#39564000
0*
#39582000
1*
#39600000
0*
#39618000
1*
#39627000
b0 O
01
#39636000
0*
#39654000
b110 K
1*
#39672000
0*
#39690000
1B
b100 K
1*
#39708000
0*
#39726000
0B
b0 M
b0 K
1*
#39744000
0*
#39762000
0$
1*
#39780000
0*
#39798000
1*
#39816000
0*
#39834000
1*
#39849000
11
#39852000
0*
#39870000
b1 K
1*
#39888000
0*
#39906000
b0 9
b0 8
1#
16
1=
1A
b11 K
1*
#39924000
0*
#39942000
b1 7
0=
0#
06
0A
b1 3
1E
1G
b0 D
b111 K
1*
#39960000
0*
#39978000
1?
0G
1%
1F
0E
b10101101 "
b10101101 >
b10101101 2
1*
#39996000
0*
#40014000
0?
b10101101 M
0F
0%
1*
#40032000
0*
#40050000
1$
1*
#40068000
0*
#40071000
b0 N
b1 4
b111 O
01
#40086000
b110 K
1*
#40104000
0*
#40122000
1B
b100 K
1*
#40140000
0*
#40158000
0B
b0 K
1*
#40176000
0*
#40194000
1*
#40212000
0*
#40230000
1*
#40248000
0*
#40266000
1*
#40284000
0*
#40293000
b10000000 N
11
#40302000
b1 K
1*
#40320000
0*
#40338000
b1 9
b1 8
1=
1A
b11 K
1*
#40356000
0*
#40374000
b1 9
b1 8
0=
b10 7
0A
b1 D
b111 K
1*
#40392000
0*
#40410000
1*
#40428000
0*
#40446000
1*
#40464000
0*
#40482000
1*
#40500000
0*
#40515000
b110 O
01
#40518000
b110 K
1*
#40536000
0*
#40554000
1B
b100 K
1*
#40572000
0*
#40590000
0B
b1011010 M
b0 K
1*
#40608000
0*
#40626000
0$
1*
#40644000
0*
#40662000
1*
#40680000
0*
#40698000
1*
#40716000
0*
#40734000
1*
#40737000
11
#40752000
0*
#40770000
b1 K
1*
#40788000
0*
#40806000
b10 9
b10 8
1=
1A
b11 K
1*
#40824000
0*
#40842000
b10 9
b10 8
0=
0A
b11 7
b111 K
b10 D
1*
#40860000
0*
#40878000
1*
#40896000
0*
#40914000
1*
#40932000
0*
#40950000
1*
#40959000
b101 O
01
#40968000
0*
#40986000
b110 K
1*
#41004000
0*
#41022000
1B
b100 K
1*
#41040000
0*
#41058000
0B
b0 K
b10110100 M
1*
#41076000
0*
#41094000
1$
1*
#41112000
0*
#41130000
1*
#41148000
0*
#41166000
1*
#41181000
b10100000 N
11
#41184000
0*
#41202000
b1 K
1*
#41220000
0*
#41238000
b11 9
b11 8
1=
1A
b11 K
1*
#41256000
0*
#41274000
b11 9
b11 8
0=
0A
b100 7
b111 K
b11 D
1*
#41292000
0*
#41310000
1*
#41328000
0*
#41346000
1*
#41364000
0*
#41382000
1*
#41400000
0*
#41403000
b100 O
01
#41418000
b110 K
1*
#41436000
0*
#41454000
1B
b100 K
1*
#41472000
0*
#41490000
0B
b0 K
b1101000 M
1*
#41508000
0*
#41526000
0$
1*
#41544000
0*
#41562000
1*
#41580000
0*
#41598000
1*
#41616000
0*
#41625000
11
#41634000
b1 K
1*
#41652000
0*
#41670000
b100 9
b100 8
1=
1A
b11 K
1*
#41688000
0*
#41706000
b100 9
b100 8
0=
0A
b101 7
b111 K
b100 D
1*
#41724000
0*
#41742000
1*
#41760000
0*
#41778000
1*
#41796000
0*
#41814000
1*
#41832000
0*
#41847000
b11 O
01
#41850000
b110 K
1*
#41868000
0*
#41886000
1B
b100 K
1*
#41904000
0*
#41922000
0B
b0 K
b11010000 M
1*
#41940000
0*
#41958000
1$
1*
#41976000
0*
#41994000
1*
#42012000
0*
#42030000
1*
#42048000
0*
#42066000
1*
#42069000
b10101000 N
11
#42084000
0*
#42102000
b1 K
1*
#42120000
0*
#42138000
b101 9
b101 8
1=
1A
b11 K
1*
#42156000
0*
#42174000
b101 9
b101 8
0=
b110 7
0A
b101 D
b111 K
1*
#42192000
0*
#42210000
1*
#42228000
0*
#42246000
1*
#42264000
0*
#42282000
1*
#42291000
b10 O
01
#42300000
0*
#42318000
b110 K
1*
#42336000
0*
#42354000
1B
b100 K
1*
#42372000
0*
#42390000
0B
b10100000 M
b0 K
1*
#42408000
0*
#42426000
1*
#42444000
0*
#42462000
1*
#42480000
0*
#42498000
1*
#42513000
b10101100 N
11
#42516000
0*
#42534000
b1 K
1*
#42552000
0*
#42570000
b110 9
b110 8
1=
1A
b11 K
1*
#42588000
0*
#42606000
b110 9
b110 8
0=
b111 7
0A
b110 D
b111 K
1*
#42624000
0*
#42642000
1*
#42660000
0*
#42678000
1*
#42696000
0*
#42714000
1*
#42732000
0*
#42735000
b1 O
01
#42750000
b110 K
1*
#42768000
0*
#42786000
1B
b100 K
1*
#42804000
0*
#42822000
0B
b1000000 M
b0 K
1*
#42840000
0*
#42858000
0$
1*
#42876000
0*
#42894000
1*
#42912000
0*
#42930000
1*
#42948000
0*
#42957000
11
#42966000
b1 K
1*
#42984000
0*
#43002000
b111 9
b111 8
1=
1A
b11 K
1*
#43020000
0*
#43038000
b111 9
b111 8
0=
0#
06
b0 7
0A
b111 D
b111 K
1*
#43056000
0*
#43074000
1*
#43092000
0*
#43110000
1*
#43128000
0*
#43146000
1*
#43164000
0*
#43179000
b0 O
01
#43182000
b110 K
1*
#43200000
0*
#43218000
1B
b100 K
1*
#43236000
0*
#43254000
0B
b10000000 M
b0 K
1*
#43272000
0*
#43290000
1$
1*
#43308000
0*
#43326000
1*
#43344000
0*
#43362000
1*
#43380000
0*
#43398000
1*
#43401000
b10101101 N
11
#43416000
0*
#43434000
b1 K
1*
#43452000
0*
#43470000
b0 9
b0 8
1#
16
1=
1A
b11 K
1*
#43488000
0*
#43506000
b1 7
0=
0A
0#
06
b111 K
1G
b0 D
1E
b10 3
1*
#43524000
0*
#43542000
1?
b10111110 "
b10111110 >
b10111110 2
1F
0E
1%
0G
1*
#43560000
0*
#43578000
0?
0%
0F
b10111110 M
1*
#43596000
0*
#43614000
1*
#43623000
b0 N
b10 4
b10101101 +
b111 O
01
#43632000
0*
#43650000
b110 K
1*
#43668000
0*
#43686000
1B
b100 K
1*
#43704000
0*
#43722000
0B
b0 K
1*
#43740000
0*
#43758000
1*
#43776000
0*
#43794000
1*
#43812000
0*
#43830000
1*
#43845000
b10000000 N
11
#43848000
0*
#43866000
b1 K
1*
#43884000
0*
#43902000
b1 9
b1 8
1=
1A
b11 K
1*
#43920000
0*
#43938000
b1 9
b1 8
0=
0A
b10 7
b111 K
b1 D
1*
#43956000
0*
#43974000
1*
#43992000
0*
#44010000
1*
#44028000
0*
#44046000
1*
#44064000
0*
#44067000
b110 O
01
#44082000
b110 K
1*
#44100000
0*
#44118000
1B
b100 K
1*
#44136000
0*
#44154000
0B
b0 K
b1111100 M
1*
#44172000
0*
#44190000
0$
1*
#44208000
0*
#44226000
1*
#44244000
0*
#44262000
1*
#44280000
0*
#44289000
11
#44298000
b1 K
1*
#44316000
0*
#44334000
b10 9
b10 8
1=
1A
b11 K
1*
#44352000
0*
#44370000
b10 9
b10 8
0=
0A
b11 7
b111 K
b10 D
1*
#44388000
0*
#44406000
1*
#44424000
0*
#44442000
1*
#44460000
0*
#44478000
1*
#44496000
0*
#44511000
b101 O
01
#44514000
b110 K
1*
#44532000
0*
#44550000
1B
b100 K
1*
#44568000
0*
#44586000
0B
b0 K
b11111000 M
1*
#44604000
0*
#44622000
1$
1*
#44640000
0*
#44658000
1*
#44676000
0*
#44694000
1*
#44712000
0*
#44730000
1*
#44733000
b10100000 N
11
#44748000
0*
#44766000
b1 K
1*
#44784000
0*
#44802000
b11 9
b11 8
1=
1A
b11 K
1*
#44820000
0*
#44838000
b11 9
b11 8
0=
b100 7
0A
b11 D
b111 K
1*
#44856000
0*
#44874000
1*
#44892000
0*
#44910000
1*
#44928000
0*
#44946000
1*
#44955000
b100 O
01
#44964000
0*
#44982000
b110 K
1*
#45000000
0*
#45018000
1B
b100 K
1*
#45036000
0*
#45054000
0B
b11110000 M
b0 K
1*
#45072000
0*
#45090000
1*
#45108000
0*
#45126000
1*
#45144000
0*
#45162000
1*
#45177000
b10110000 N
11
#45180000
0*
#45198000
b1 K
1*
#45216000
0*
#45234000
b100 9
b100 8
1=
1A
b11 K
1*
#45252000
0*
#45270000
b100 9
b100 8
0=
b101 7
0A
b100 D
b111 K
1*
#45288000
0*
#45306000
1*
#45324000
0*
#45342000
1*
#45360000
0*
#45378000
1*
#45396000
0*
#45399000
b11 O
01
#45414000
b110 K
1*
#45432000
0*
#45450000
1B
b100 K
1*
#45468000
0*
#45486000
0B
b11100000 M
b0 K
1*
#45504000
0*
#45522000
1*
#45540000
0*
#45558000
1*
#45576000
0*
#45594000
1*
#45612000
0*
#45621000
b10111000 N
11
#45630000
b1 K
1*
#45648000
0*
#45666000
b101 9
b101 8
1=
1A
b11 K
1*
#45684000
0*
#45702000
b101 9
b101 8
0=
b110 7
0A
b101 D
b111 K
1*
#45720000
0*
#45738000
1*
#45756000
0*
#45774000
1*
#45792000
0*
#45810000
1*
#45828000
0*
#45843000
b10 O
01
#45846000
b110 K
1*
#45864000
0*
#45882000
1B
b100 K
1*
#45900000
0*
#45918000
0B
b11000000 M
b0 K
1*
#45936000
0*
#45954000
1*
#45972000
0*
#45990000
1*
#46008000
0*
#46026000
1*
#46044000
0*
#46062000
1*
#46065000
b10111100 N
11
#46080000
0*
#46098000
b1 K
1*
#46116000
0*
#46134000
b110 9
b110 8
1=
1A
b11 K
1*
#46152000
0*
#46170000
b110 9
b110 8
0=
0A
b111 7
b111 K
b110 D
1*
#46188000
0*
#46206000
1*
#46224000
0*
#46242000
1*
#46260000
0*
#46278000
1*
#46287000
b1 O
01
#46296000
0*
#46314000
b110 K
1*
#46332000
0*
#46350000
1B
b100 K
1*
#46368000
0*
#46386000
0B
b0 K
b10000000 M
1*
#46404000
0*
#46422000
1*
#46440000
0*
#46458000
1*
#46476000
0*
#46494000
1*
#46509000
b10111110 N
11
#46512000
0*
#46530000
b1 K
1*
#46548000
0*
#46566000
b111 9
b111 8
1=
1A
b11 K
1*
#46584000
0*
#46602000
b111 9
b111 8
0=
0A
0#
06
b0 7
b111 K
b111 D
1*
#46620000
0*
#46638000
1*
#46656000
0*
#46674000
1*
#46692000
0*
#46710000
1*
#46728000
0*
#46731000
b0 O
01
#46746000
b110 K
1*
#46764000
0*
#46782000
1B
b100 K
1*
#46800000
0*
#46818000
0B
b0 K
b0 M
1*
#46836000
0*
#46854000
0$
1*
#46872000
0*
#46890000
1*
#46908000
0*
#46926000
1*
#46944000
0*
#46953000
11
#46962000
b1 K
1*
#46980000
0*
#46998000
b0 9
b0 8
1#
16
1=
1A
b11 K
1*
#47016000
0*
#47034000
b1 7
0=
0A
0#
06
b111 K
1G
b0 D
1E
b11 3
1*
#47052000
0*
#47070000
1?
b11101111 "
b11101111 >
b11101111 2
1F
0E
1%
0G
1*
#47088000
0*
#47106000
0?
0%
0F
b11101111 M
1*
#47124000
0*
#47142000
1$
1*
#47160000
0*
#47175000
b0 N
b11 4
b10111110 +
b111 O
01
#47178000
b110 K
1*
#47196000
0*
#47214000
1B
b100 K
1*
#47232000
0*
#47250000
0B
b0 K
1*
#47268000
0*
#47286000
1*
#47304000
0*
#47322000
1*
#47340000
0*
#47358000
1*
#47376000
0*
#47394000
1*
#47397000
b10000000 N
11
#47412000
0*
#47430000
b1 K
1*
#47448000
0*
#47466000
b1 9
b1 8
1=
1A
b11 K
1*
#47484000
0*
#47502000
b1 9
b1 8
0=
b10 7
0A
b1 D
b111 K
1*
#47520000
0*
#47538000
1*
#47556000
0*
#47574000
1*
#47592000
0*
#47610000
1*
#47619000
b110 O
01
#47628000
0*
#47646000
b110 K
1*
#47664000
0*
#47682000
1B
b100 K
1*
#47700000
0*
#47718000
0B
b11011110 M
b0 K
1*
#47736000
0*
#47754000
1*
#47772000
0*
#47790000
1*
#47808000
0*
#47826000
1*
#47841000
b11000000 N
11
#47844000
0*
#47862000
b1 K
1*
#47880000
0*
#47898000
b10 9
b10 8
1=
1A
b11 K
1*
#47916000
0*
#47934000
b10 9
b10 8
0=
b11 7
0A
b10 D
b111 K
1*
#47952000
0*
#47970000
1*
#47988000
0*
#48006000
1*
#48024000
0*
#48042000
1*
#48060000
0*
#48063000
b101 O
01
#48078000
b110 K
1*
#48096000
0*
#48114000
1B
b100 K
1*
#48132000
0*
#48150000
0B
b10111100 M
b0 K
1*
#48168000
0*
#48186000
1*
#48204000
0*
#48222000
1*
#48240000
0*
#48258000
1*
#48276000
0*
#48285000
b11100000 N
11
#48294000
b1 K
1*
#48312000
0*
#48330000
b11 9
b11 8
1=
1A
b11 K
1*
#48348000
0*
#48366000
b11 9
b11 8
0=
b100 7
0A
b11 D
b111 K
1*
#48384000
0*
#48402000
1*
#48420000
0*
#48438000
1*
#48456000
0*
#48474000
1*
#48492000
0*
#48507000
b100 O
01
#48510000
b110 K
1*
#48528000
0*
#48546000
1B
b100 K
1*
#48564000
0*
#48582000
0B
b1111000 M
b0 K
1*
#48600000
0*
#48618000
0$
1*
#48636000
0*
#48654000
1*
#48672000
0*
#48690000
1*
#48708000
0*
#48726000
1*
#48729000
11
#48744000
0*
#48762000
b1 K
1*
#48780000
0*
#48798000
b100 9
b100 8
1=
1A
b11 K
1*
#48816000
0*
#48834000
b100 9
b100 8
0=
0A
b101 7
b111 K
b100 D
1*
#48852000
0*
#48870000
1*
#48888000
0*
#48906000
1*
#48924000
0*
#48942000
1*
#48951000
b11 O
01
#48960000
0*
#48978000
b110 K
1*
#48996000
0*
#49014000
1B
b100 K
1*
#49032000
0*
#49050000
0B
b0 K
b11110000 M
1*
#49068000
0*
#49086000
1$
1*
#49104000
0*
#49122000
1*
#49140000
0*
#49158000
1*
#49173000
b11101000 N
11
#49176000
0*
#49194000
b1 K
1*
#49212000
0*
#49230000
b101 9
b101 8
1=
1A
b11 K
1*
#49248000
0*
#49266000
b101 9
b101 8
0=
0A
b110 7
b111 K
b101 D
1*
#49284000
0*
#49302000
1*
#49320000
0*
#49338000
1*
#49356000
0*
#49374000
1*
#49392000
0*
#49395000
b10 O
01
#49410000
b110 K
1*
#49428000
0*
#49446000
1B
b100 K
1*
#49464000
0*
#49482000
0B
b0 K
b11100000 M
1*
#49500000
0*
#49518000
1*
#49536000
0*
#49554000
1*
#49572000
0*
#49590000
1*
#49608000
0*
#49617000
b11101100 N
11
#49626000
b1 K
1*
#49644000
0*
#49662000
b110 9
b110 8
1=
1A
b11 K
1*
#49680000
0*
#49698000
b110 9
b110 8
0=
0A
b111 7
b111 K
b110 D
1*
#49716000
0*
#49734000
1*
#49752000
0*
#49770000
1*
#49788000
0*
#49806000
1*
#49824000
0*
#49839000
b1 O
01
#49842000
b110 K
1*
#49860000
0*
#49878000
1B
b100 K
1*
#49896000
0*
#49914000
0B
b0 K
b11000000 M
1*
#49932000
0*
#49950000
1*
#49968000
0*
#49986000
1*
#50004000
0*
#50022000
1*
#50040000
0*
#50058000
1*
#50061000
b11101110 N
11
#50076000
0*
#50094000
b1 K
1*
#50112000
0*
#50130000
b111 9
b111 8
1=
1A
b11 K
1*
#50148000
0*
#50166000
b111 9
b111 8
0=
0#
06
b0 7
0A
b111 D
b111 K
1*
#50184000
0*
#50202000
1*
#50220000
0*
#50238000
1*
#50256000
0*
#50274000
1*
#50283000
b0 O
01
#50292000
0*
#50310000
b110 K
1*
#50328000
0*
#50346000
1B
b100 K
1*
#50364000
0*
#50382000
0B
b10000000 M
b0 K
1*
#50400000
0*
#50418000
1*
#50436000
0*
#50454000
1*
#50472000
0*
#50490000
1*
#50505000
b11101111 N
11
#50508000
0*
#50526000
b1 K
1*
#50544000
0*
#50562000
b0 9
b0 8
1#
16
1=
1A
b11 K
1*
#50580000
0*
#50598000
b1 7
0=
0#
06
0A
b100 3
1E
1G
b0 D
b111 K
1*
#50616000
0*
#50634000
1?
0G
1%
1F
0E
b1 "
b1 >
b1 2
1*
#50652000
0*
#50670000
0?
b1 M
0F
0%
1*
#50688000
0*
#50706000
0$
1*
#50724000
0*
#50727000
b0 N
b100 4
b11101111 +
b111 O
01
#50742000
b110 K
1*
#50760000
0*
#50778000
1B
b100 K
1*
#50796000
0*
#50814000
0B
b0 K
1*
#50832000
0*
#50850000
1*
#50868000
0*
#50886000
1*
#50904000
0*
#50922000
1*
#50940000
0*
#50949000
11
#50958000
b1 K
1*
#50976000
0*
#50994000
b1 9
b1 8
1=
1A
b11 K
1*
#51012000
0*
#51030000
b1 9
b1 8
0=
b10 7
0A
b1 D
b111 K
1*
#51048000
0*
#51066000
1*
#51084000
0*
#51102000
1*
#51120000
0*
#51138000
1*
#51156000
0*
#51171000
b110 O
01
#51174000
b110 K
1*
#51192000
0*
#51210000
1B
b100 K
1*
#51228000
0*
#51246000
0B
b10 M
b0 K
1*
#51264000
0*
#51282000
1*
#51300000
0*
#51318000
1*
#51336000
0*
#51354000
1*
#51372000
0*
#51390000
1*
#51393000
11
#51408000
0*
#51426000
b1 K
1*
#51444000
0*
#51462000
b10 9
b10 8
1=
1A
b11 K
1*
#51480000
0*
#51498000
b10 9
b10 8
0=
0A
b11 7
b111 K
b10 D
1*
#51516000
0*
#51534000
1*
#51552000
0*
#51570000
1*
#51588000
0*
#51606000
1*
#51615000
b101 O
01
#51624000
0*
#51642000
b110 K
1*
#51660000
0*
#51678000
1B
b100 K
1*
#51696000
0*
#51714000
0B
b0 K
b100 M
1*
#51732000
0*
#51750000
1*
#51768000
0*
#51786000
1*
#51804000
0*
#51822000
1*
#51837000
11
#51840000
0*
#51858000
b1 K
1*
#51876000
0*
#51894000
b11 9
b11 8
1=
1A
b11 K
1*
#51912000
0*
#51930000
b11 9
b11 8
0=
0A
b100 7
b111 K
b11 D
1*
#51948000
0*
#51966000
1*
#51984000
0*
#52002000
1*
#52020000
0*
#52038000
1*
#52056000
0*
#52059000
b100 O
01
#52074000
b110 K
1*
#52092000
0*
#52110000
1B
b100 K
1*
#52128000
0*
#52146000
0B
b0 K
b1000 M
1*
#52164000
0*
#52182000
1*
#52200000
0*
#52218000
1*
#52236000
0*
#52254000
1*
#52272000
0*
#52281000
11
#52290000
b1 K
1*
#52308000
0*
#52326000
b100 9
b100 8
1=
1A
b11 K
1*
#52344000
0*
#52362000
b100 9
b100 8
0=
0A
b101 7
b111 K
b100 D
1*
#52380000
0*
#52398000
1*
#52416000
0*
#52434000
1*
#52452000
0*
#52470000
1*
#52488000
0*
#52503000
b11 O
01
#52506000
b110 K
1*
#52524000
0*
#52542000
1B
b100 K
1*
#52560000
0*
#52578000
0B
b0 K
b10000 M
1*
#52596000
0*
#52614000
1*
#52632000
0*
#52650000
1*
#52668000
0*
#52686000
1*
#52704000
0*
#52722000
1*
#52725000
11
#52740000
0*
#52758000
b1 K
1*
#52776000
0*
#52794000
b101 9
b101 8
1=
1A
b11 K
1*
#52812000
0*
#52830000
b101 9
b101 8
0=
b110 7
0A
b101 D
b111 K
1*
#52848000
0*
#52866000
1*
#52884000
0*
#52902000
1*
#52920000
0*
#52938000
1*
#52947000
b10 O
01
#52956000
0*
#52974000
b110 K
1*
#52992000
0*
#53010000
1B
b100 K
1*
#53028000
0*
#53046000
0B
b100000 M
b0 K
1*
#53064000
0*
#53082000
1*
#53100000
0*
#53118000
1*
#53136000
0*
#53154000
1*
#53169000
11
#53172000
0*
#53190000
b1 K
1*
#53208000
0*
#53226000
b110 9
b110 8
1=
1A
b11 K
1*
#53244000
0*
#53262000
b110 9
b110 8
0=
b111 7
0A
b110 D
b111 K
1*
#53280000
0*
#53298000
1*
#53316000
0*
#53334000
1*
#53352000
0*
#53370000
1*
#53388000
0*
#53391000
b1 O
01
#53406000
b110 K
1*
#53424000
0*
#53442000
1B
b100 K
1*
#53460000
0*
#53478000
0B
b1000000 M
b0 K
1*
#53496000
0*
#53514000
1*
#53532000
0*
#53550000
1*
#53568000
0*
#53586000
1*
#53604000
0*
#53613000
11
#53622000
b1 K
1*
#53640000
0*
#53658000
b111 9
b111 8
1=
1A
b11 K
1*
#53676000
0*
#53694000
b111 9
b111 8
0=
0#
06
b0 7
0A
b111 D
b111 K
1*
#53712000
0*
#53730000
1*
#53748000
0*
#53766000
1*
#53784000
0*
#53802000
1*
#53820000
0*
#53835000
b0 O
01
#53838000
b110 K
1*
#53856000
0*
#53874000
1B
b100 K
1*
#53892000
0*
#53910000
0B
b10000000 M
b0 K
1*
#53928000
0*
#53946000
1$
1*
#53964000
0*
#53982000
1*
#54000000
0*
#54018000
1*
#54036000
0*
#54054000
1*
#54057000
b1 N
11
#54072000
0*
#54090000
b1 K
1*
#54108000
0*
#54126000
b0 9
b0 8
1#
16
1=
1A
b11 K
1*
#54144000
0*
#54162000
b1 7
0=
0A
0#
06
b111 K
1G
b0 D
1E
b101 3
1*
#54180000
0*
#54198000
1?
b100011 "
b100011 >
b100011 2
1F
0E
1%
0G
1*
#54216000
0*
#54234000
0?
0%
0F
b100011 M
1*
#54252000
0*
#54270000
0$
1*
#54279000
b0 N
b101 4
b1 +
b111 O
01
#54288000
0*
#54306000
b110 K
1*
#54324000
0*
#54342000
1B
b100 K
1*
#54360000
0*
#54378000
0B
b0 K
1*
#54396000
0*
#54414000
1*
#54432000
0*
#54450000
1*
#54468000
0*
#54486000
1*
#54501000
11
#54504000
0*
#54522000
b1 K
1*
#54540000
0*
#54558000
b1 9
b1 8
1=
1A
b11 K
1*
#54576000
0*
#54594000
b1 9
b1 8
0=
0A
b10 7
b111 K
b1 D
1*
#54612000
0*
#54630000
1*
#54648000
0*
#54666000
1*
#54684000
0*
#54702000
1*
#54720000
0*
#54723000
b110 O
01
#54738000
b110 K
1*
#54756000
0*
#54774000
1B
b100 K
1*
#54792000
0*
#54810000
0B
b0 K
b1000110 M
1*
#54828000
0*
#54846000
1*
#54864000
0*
#54882000
1*
#54900000
0*
#54918000
1*
#54936000
0*
#54945000
11
#54954000
b1 K
1*
#54972000
0*
#54990000
b10 9
b10 8
1=
1A
b11 K
1*
#55008000
0*
#55026000
b10 9
b10 8
0=
0A
b11 7
b111 K
b10 D
1*
#55044000
0*
#55062000
1*
#55080000
0*
#55098000
1*
#55116000
0*
#55134000
1*
#55152000
0*
#55167000
b101 O
01
#55170000
b110 K
1*
#55188000
0*
#55206000
1B
b100 K
1*
#55224000
0*
#55242000
0B
b0 K
b10001100 M
1*
#55260000
0*
#55278000
1$
1*
#55296000
0*
#55314000
1*
#55332000
0*
#55350000
1*
#55368000
0*
#55386000
1*
#55389000
b100000 N
11
#55404000
0*
#55422000
b1 K
1*
#55440000
0*
#55458000
b11 9
b11 8
1=
1A
b11 K
1*
#55476000
0*
#55494000
b11 9
b11 8
0=
b100 7
0A
b11 D
b111 K
1*
#55512000
0*
#55530000
1*
#55548000
0*
#55566000
1*
#55584000
0*
#55602000
1*
#55611000
b100 O
01
#55620000
0*
#55638000
b110 K
1*
#55656000
0*
#55674000
1B
b100 K
1*
#55692000
0*
#55710000
0B
b11000 M
b0 K
1*
#55728000
0*
#55746000
0$
1*
#55764000
0*
#55782000
1*
#55800000
0*
#55818000
1*
#55833000
11
#55836000
0*
#55854000
b1 K
1*
#55872000
0*
#55890000
b100 9
b100 8
1=
1A
b11 K
1*
#55908000
0*
#55926000
b100 9
b100 8
0=
b101 7
0A
b100 D
b111 K
1*
#55944000
0*
#55962000
1*
#55980000
0*
#55998000
1*
#56016000
0*
#56034000
1*
#56052000
0*
#56055000
b11 O
01
#56070000
b110 K
1*
#56088000
0*
#56106000
1B
b100 K
1*
#56124000
0*
#56142000
0B
b110000 M
b0 K
1*
#56160000
0*
#56178000
1*
#56196000
0*
#56214000
1*
#56232000
0*
#56250000
1*
#56268000
0*
#56277000
11
#56286000
b1 K
1*
#56304000
0*
#56322000
b101 9
b101 8
1=
1A
b11 K
1*
#56340000
0*
#56358000
b101 9
b101 8
0=
b110 7
0A
b101 D
b111 K
1*
#56376000
0*
#56394000
1*
#56412000
0*
#56430000
1*
#56448000
0*
#56466000
1*
#56484000
0*
#56499000
b10 O
01
#56502000
b110 K
1*
#56520000
0*
#56538000
1B
b100 K
1*
#56556000
0*
#56574000
0B
b1100000 M
b0 K
1*
#56592000
0*
#56610000
1*
#56628000
0*
#56646000
1*
#56664000
0*
#56682000
1*
#56700000
0*
#56718000
1*
#56721000
11
#56736000
0*
#56754000
b1 K
1*
#56772000
0*
#56790000
b110 9
b110 8
1=
1A
b11 K
1*
#56808000
0*
#56826000
b110 9
b110 8
0=
0A
b111 7
b111 K
b110 D
1*
#56844000
0*
#56862000
1*
#56880000
0*
#56898000
1*
#56916000
0*
#56934000
1*
#56943000
b1 O
01
#56952000
0*
#56970000
b110 K
1*
#56988000
0*
#57006000
1B
b100 K
1*
#57024000
0*
#57042000
0B
b0 K
b11000000 M
1*
#57060000
0*
#57078000
1$
1*
#57096000
0*
#57114000
1*
#57132000
0*
#57150000
1*
#57165000
b100010 N
11
#57168000
0*
#57186000
b1 K
1*
#57204000
0*
#57222000
b111 9
b111 8
1=
1A
b11 K
1*
#57240000
0*
#57258000
b111 9
b111 8
0=
0A
0#
06
b0 7
b111 K
b111 D
1*
#57276000
0*
#57294000
1*
#57312000
0*
#57330000
1*
#57348000
0*
#57366000
1*
#57384000
0*
#57387000
b0 O
01
#57402000
b110 K
1*
#57420000
0*
#57438000
1B
b100 K
1*
#57456000
0*
#57474000
0B
b0 K
b10000000 M
1*
#57492000
0*
#57510000
1*
#57528000
0*
#57546000
1*
#57564000
0*
#57582000
1*
#57600000
0*
#57609000
b100011 N
11
#57618000
b1 K
1*
#57636000
0*
#57654000
b0 9
b0 8
1#
16
1=
1A
b11 K
1*
#57672000
0*
#57690000
b1 7
0=
0A
0#
06
b111 K
1G
b0 D
1E
b110 3
1*
#57708000
0*
#57726000
1?
b1000101 "
b1000101 >
b1000101 2
1F
0E
1%
0G
1*
#57744000
0*
#57762000
0?
0%
0F
b1000101 M
1*
#57780000
0*
#57798000
0$
1*
#57816000
0*
#57831000
b0 N
b110 4
b100011 +
b111 O
01
#57834000
b110 K
1*
#57852000
0*
#57870000
1B
b100 K
1*
#57888000
0*
#57906000
0B
b0 K
1*
#57924000
0*
#57942000
1*
#57960000
0*
#57978000
1*
#57996000
0*
#58014000
1*
#58032000
0*
#58050000
1*
#58053000
11
#58068000
0*
#58086000
b1 K
1*
#58104000
0*
#58122000
b1 9
b1 8
1=
1A
b11 K
1*
#58140000
0*
#58158000
b1 9
b1 8
0=
b10 7
0A
b1 D
b111 K
1*
#58176000
0*
#58194000
1*
#58212000
0*
#58230000
1*
#58248000
0*
#58266000
1*
#58275000
b110 O
01
#58284000
0*
#58302000
b110 K
1*
#58320000
0*
#58338000
1B
b100 K
1*
#58356000
0*
#58374000
0B
b10001010 M
b0 K
1*
#58392000
0*
#58410000
1$
1*
#58428000
0*
#58446000
1*
#58464000
0*
#58482000
1*
#58497000
b1000000 N
11
#58500000
0*
#58518000
b1 K
1*
#58536000
0*
#58554000
b10 9
b10 8
1=
1A
b11 K
1*
#58572000
0*
#58590000
b10 9
b10 8
0=
b11 7
0A
b10 D
b111 K
1*
#58608000
0*
#58626000
1*
#58644000
0*
#58662000
1*
#58680000
0*
#58698000
1*
#58716000
0*
#58719000
b101 O
01
#58734000
b110 K
1*
#58752000
0*
#58770000
1B
b100 K
1*
#58788000
0*
#58806000
0B
b10100 M
b0 K
1*
#58824000
0*
#58842000
0$
1*
#58860000
0*
#58878000
1*
#58896000
0*
#58914000
1*
#58932000
0*
#58941000
11
#58950000
b1 K
1*
#58968000
0*
#58986000
b11 9
b11 8
1=
1A
b11 K
1*
#59004000
0*
#59022000
b11 9
b11 8
0=
b100 7
0A
b11 D
b111 K
1*
#59040000
0*
#59058000
1*
#59076000
0*
#59094000
1*
#59112000
0*
#59130000
1*
#59148000
0*
#59163000
b100 O
01
#59166000
b110 K
1*
#59184000
0*
#59202000
1B
b100 K
1*
#59220000
0*
#59238000
0B
b101000 M
b0 K
1*
#59256000
0*
#59274000
1*
#59292000
0*
#59310000
1*
#59328000
0*
#59346000
1*
#59364000
0*
#59382000
1*
#59385000
11
#59400000
0*
#59418000
b1 K
1*
#59436000
0*
#59454000
b100 9
b100 8
1=
1A
b11 K
1*
#59472000
0*
#59490000
b100 9
b100 8
0=
0A
b101 7
b111 K
b100 D
1*
#59508000
0*
#59526000
1*
#59544000
0*
#59562000
1*
#59580000
0*
#59598000
1*
#59607000
b11 O
01
#59616000
0*
#59634000
b110 K
1*
#59652000
0*
#59670000
1B
b100 K
1*
#59688000
0*
#59706000
0B
b0 K
b1010000 M
1*
#59724000
0*
#59742000
1*
#59760000
0*
#59778000
1*
#59796000
0*
#59814000
1*
#59829000
11
#59832000
0*
#59850000
b1 K
1*
#59868000
0*
#59886000
b101 9
b101 8
1=
1A
b11 K
1*
#59904000
0*
#59922000
b101 9
b101 8
0=
0A
b110 7
b111 K
b101 D
1*
#59940000
0*
#59958000
1*
#59976000
0*
#59994000
1*
#60012000
0*
#60030000
1*
#60048000
0*
#60051000
b10 O
01
#60066000
b110 K
1*
#60084000
0*
#60102000
1B
b100 K
1*
#60120000
0*
#60138000
0B
b0 K
b10100000 M
1*
#60156000
0*
#60174000
1$
1*
#60192000
0*
#60210000
1*
#60228000
0*
#60246000
1*
#60264000
0*
#60273000
b1000100 N
11
#60282000
b1 K
1*
#60300000
0*
#60318000
b110 9
b110 8
1=
1A
b11 K
1*
#60336000
0*
#60354000
b110 9
b110 8
0=
0A
b111 7
b111 K
b110 D
1*
#60372000
0*
#60390000
1*
#60408000
0*
#60426000
1*
#60444000
0*
#60462000
1*
#60480000
0*
#60495000
b1 O
01
#60498000
b110 K
1*
#60516000
0*
#60534000
1B
b100 K
1*
#60552000
0*
#60570000
0B
b0 K
b1000000 M
1*
#60588000
0*
#60606000
0$
1*
#60624000
0*
#60642000
1*
#60660000
0*
#60678000
1*
#60696000
0*
#60714000
1*
#60717000
11
#60732000
0*
#60750000
b1 K
1*
#60768000
0*
#60786000
b111 9
b111 8
1=
1A
b11 K
1*
#60804000
0*
#60822000
b111 9
b111 8
0=
0#
06
b0 7
0A
b111 D
b111 K
1*
#60840000
0*
#60858000
1*
#60876000
0*
#60894000
1*
#60912000
0*
#60930000
1*
#60939000
b0 O
01
#60948000
0*
#60966000
b110 K
1*
#60984000
0*
#61002000
1B
b100 K
1*
#61020000
0*
#61038000
0B
b10000000 M
b0 K
1*
#61056000
0*
#61074000
1$
1*
#61092000
0*
#61110000
1*
#61128000
0*
#61146000
1*
#61161000
b1000101 N
11
#61164000
0*
#61182000
b1 K
1*
#61200000
0*
#61218000
b0 9
b0 8
1#
16
1=
1A
b11 K
1*
#61236000
0*
#61254000
b1 7
0=
0#
06
0A
b111 3
1E
1G
b0 D
b111 K
1*
#61272000
0*
#61290000
1?
0G
1%
1F
0E
b1100111 "
b1100111 >
b1100111 2
1*
#61308000
0*
#61326000
0?
b1100111 M
0F
0%
1*
#61344000
0*
#61362000
0$
1*
#61380000
0*
#61383000
b0 N
b111 4
b1000101 +
b111 O
01
#61398000
b110 K
1*
#61416000
0*
#61434000
1B
b100 K
1*
#61452000
0*
#61470000
0B
b0 K
1*
#61488000
0*
#61506000
1*
#61524000
0*
#61542000
1*
#61560000
0*
#61578000
1*
#61596000
0*
#61605000
11
#61614000
b1 K
1*
#61632000
0*
#61650000
b1 9
b1 8
1=
1A
b11 K
1*
#61668000
0*
#61686000
b1 9
b1 8
0=
b10 7
0A
b1 D
b111 K
1*
#61704000
0*
#61722000
1*
#61740000
0*
#61758000
1*
#61776000
0*
#61794000
1*
#61812000
0*
#61827000
b110 O
01
#61830000
b110 K
1*
#61848000
0*
#61866000
1B
b100 K
1*
#61884000
0*
#61902000
0B
b11001110 M
b0 K
1*
#61920000
0*
#61938000
1$
1*
#61956000
0*
#61974000
1*
#61992000
0*
#62010000
1*
#62028000
0*
#62046000
1*
#62049000
b1000000 N
11
#62064000
0*
#62082000
b1 K
1*
#62100000
0*
#62118000
b10 9
b10 8
1=
1A
b11 K
1*
#62136000
0*
#62154000
b10 9
b10 8
0=
0A
b11 7
b111 K
b10 D
1*
#62172000
0*
#62190000
1*
#62208000
0*
#62226000
1*
#62244000
0*
#62262000
1*
#62271000
b101 O
01
#62280000
0*
#62298000
b110 K
1*
#62316000
0*
#62334000
1B
b100 K
1*
#62352000
0*
#62370000
0B
b0 K
b10011100 M
1*
#62388000
0*
#62406000
1*
#62424000
0*
#62442000
1*
#62460000
0*
#62478000
1*
#62493000
b1100000 N
11
#62496000
0*
#62514000
b1 K
1*
#62532000
0*
#62550000
b11 9
b11 8
1=
1A
b11 K
1*
#62568000
0*
#62586000
b11 9
b11 8
0=
0A
b100 7
b111 K
b11 D
1*
#62604000
0*
#62622000
1*
#62640000
0*
#62658000
1*
#62676000
0*
#62694000
1*
#62712000
0*
#62715000
b100 O
01
#62730000
b110 K
1*
#62748000
0*
#62766000
1B
b100 K
1*
#62784000
0*
#62802000
0B
b0 K
b111000 M
1*
#62820000
0*
#62838000
0$
1*
#62856000
0*
#62874000
1*
#62892000
0*
#62910000
1*
#62928000
0*
#62937000
11
#62946000
b1 K
1*
#62964000
0*
#62982000
b100 9
b100 8
1=
1A
b11 K
1*
#63000000
0*
#63018000
b100 9
b100 8
0=
0A
b101 7
b111 K
b100 D
1*
#63036000
0*
#63054000
1*
#63072000
0*
#63090000
1*
#63108000
0*
#63126000
1*
#63144000
0*
#63159000
b11 O
01
#63162000
b110 K
1*
#63180000
0*
#63198000
1B
b100 K
1*
#63216000
0*
#63234000
0B
b0 K
b1110000 M
1*
#63252000
0*
#63270000
1*
#63288000
0*
#63306000
1*
#63324000
0*
#63342000
1*
#63360000
0*
#63378000
1*
#63381000
11
#63396000
0*
#63414000
b1 K
1*
#63432000
0*
#63450000
b101 9
b101 8
1=
1A
b11 K
1*
#63468000
0*
#63486000
b101 9
b101 8
0=
b110 7
0A
b101 D
b111 K
1*
#63504000
0*
#63522000
1*
#63540000
0*
#63558000
1*
#63576000
0*
#63594000
1*
#63603000
b10 O
01
#63612000
0*
#63630000
b110 K
1*
#63648000
0*
#63666000
1B
b100 K
1*
#63684000
0*
#63702000
0B
b11100000 M
b0 K
1*
#63720000
0*
#63738000
1$
1*
#63756000
0*
#63774000
1*
#63792000
0*
#63810000
1*
#63825000
b1100100 N
11
#63828000
0*
#63846000
b1 K
1*
#63864000
0*
#63882000
b110 9
b110 8
1=
1A
b11 K
1*
#63900000
0*
#63918000
b110 9
b110 8
0=
b111 7
0A
b110 D
b111 K
1*
#63936000
0*
#63954000
1*
#63972000
0*
#63990000
1*
#64008000
0*
#64026000
1*
#64044000
0*
#64047000
b1 O
01
#64062000
b110 K
1*
#64080000
0*
#64098000
1B
b100 K
1*
#64116000
0*
#64134000
0B
b11000000 M
b0 K
1*
#64152000
0*
#64170000
1*
#64188000
0*
#64206000
1*
#64224000
0*
#64242000
1*
#64260000
0*
#64269000
b1100110 N
11
#64278000
b1 K
1*
#64296000
0*
#64314000
b111 9
b111 8
1=
1A
b11 K
1*
#64332000
0*
#64350000
b111 9
b111 8
0=
0#
06
b0 7
0A
b111 D
b111 K
1*
#64368000
0*
#64386000
1*
#64404000
0*
#64422000
1*
#64440000
0*
#64458000
1*
#64476000
0*
#64491000
b0 O
01
#64494000
b110 K
1*
#64512000
0*
#64530000
1B
b100 K
1*
#64548000
0*
#64566000
0B
b10000000 M
b0 K
1*
#64584000
0*
#64602000
1*
#64620000
0*
#64638000
1*
#64656000
0*
#64674000
1*
#64692000
0*
#64710000
1*
#64713000
b1100111 N
11
#64728000
0*
#64746000
b1 K
1*
#64764000
0*
#64782000
b0 9
b0 8
1#
16
1=
1A
b11 K
1*
#64800000
0*
#64818000
b1 7
0=
0A
0#
06
b111 K
1G
b0 D
1E
b1000 3
1*
#64836000
0*
#64854000
1?
b10001001 "
b10001001 >
b10001001 2
1F
0E
1%
0G
1*
#64872000
0*
#64890000
0?
0%
0F
b10001001 M
1*
#64908000
0*
#64926000
1*
#64935000
b0 N
b1000 4
b1100111 +
b111 O
01
#64944000
0*
#64962000
b110 K
1*
#64980000
0*
#64998000
1B
b100 K
1*
#65016000
0*
#65034000
0B
b0 K
1*
#65052000
0*
#65070000
1*
#65088000
0*
#65106000
1*
#65124000
0*
#65142000
1*
#65157000
b10000000 N
11
#65160000
0*
#65178000
b1 K
1*
#65196000
0*
#65214000
b1 9
b1 8
1=
1A
b11 K
1*
#65232000
0*
#65250000
b1 9
b1 8
0=
0A
b10 7
b111 K
b1 D
1*
#65268000
0*
#65286000
1*
#65304000
0*
#65322000
1*
#65340000
0*
#65358000
1*
#65376000
0*
#65379000
b110 O
01
#65394000
b110 K
1*
#65412000
0*
#65430000
1B
b100 K
1*
#65448000
0*
#65466000
0B
b0 K
b10010 M
1*
#65484000
0*
#65502000
0$
1*
#65520000
0*
#65538000
1*
#65556000
0*
#65574000
1*
#65592000
0*
#65601000
11
#65610000
b1 K
1*
#65628000
0*
#65646000
b10 9
b10 8
1=
1A
b11 K
1*
#65664000
0*
#65682000
b10 9
b10 8
0=
0A
b11 7
b111 K
b10 D
1*
#65700000
0*
#65718000
1*
#65736000
0*
#65754000
1*
#65772000
0*
#65790000
1*
#65808000
0*
#65823000
b101 O
01
#65826000
b110 K
1*
#65844000
0*
#65862000
1B
b100 K
1*
#65880000
0*
#65898000
0B
b0 K
b100100 M
1*
#65916000
0*
#65934000
1*
#65952000
0*
#65970000
1*
#65988000
0*
#66006000
1*
#66024000
0*
#66042000
1*
#66045000
11
#66060000
0*
#66078000
b1 K
1*
#66096000
0*
#66114000
b11 9
b11 8
1=
1A
b11 K
1*
#66132000
0*
#66150000
b11 9
b11 8
0=
b100 7
0A
b11 D
b111 K
1*
#66168000
0*
#66186000
1*
#66204000
0*
#66222000
1*
#66240000
0*
#66258000
1*
#66267000
b100 O
01
#66276000
0*
#66294000
b110 K
1*
#66312000
0*
#66330000
1B
b100 K
1*
#66348000
0*
#66366000
0B
b1001000 M
b0 K
1*
#66384000
0*
#66402000
1*
#66420000
0*
#66438000
1*
#66456000
0*
#66474000
1*
#66489000
11
#66492000
0*
#66510000
b1 K
1*
#66528000
0*
#66546000
b100 9
b100 8
1=
1A
b11 K
1*
#66564000
0*
#66582000
b100 9
b100 8
0=
b101 7
0A
b100 D
b111 K
1*
#66600000
0*
#66618000
1*
#66636000
0*
#66654000
1*
#66672000
0*
#66690000
1*
#66708000
0*
#66711000
b11 O
01
#66726000
b110 K
1*
#66744000
0*
#66762000
1B
b100 K
1*
#66780000
0*
#66798000
0B
b10010000 M
b0 K
1*
#66816000
0*
#66834000
1$
1*
#66852000
0*
#66870000
1*
#66888000
0*
#66906000
1*
#66924000
0*
#66933000
b10001000 N
11
#66942000
b1 K
1*
#66960000
0*
#66978000
b101 9
b101 8
1=
1A
b11 K
1*
#66996000
0*
#67014000
b101 9
b101 8
0=
b110 7
0A
b101 D
b111 K
1*
#67032000
0*
#67050000
1*
#67068000
0*
#67086000
1*
#67104000
0*
#67122000
1*
#67140000
0*
#67155000
b10 O
01
#67158000
b110 K
1*
#67176000
0*
#67194000
1B
b100 K
1*
#67212000
0*
#67230000
0B
b100000 M
b0 K
1*
#67248000
0*
#67266000
0$
1*
#67284000
0*
#67302000
1*
#67320000
0*
#67338000
1*
#67356000
0*
#67374000
1*
#67377000
11
#67392000
0*
#67410000
b1 K
1*
#67428000
0*
#67446000
b110 9
b110 8
1=
1A
b11 K
1*
#67464000
0*
#67482000
b110 9
b110 8
0=
0A
b111 7
b111 K
b110 D
1*
#67500000
0*
#67518000
1*
#67536000
0*
#67554000
1*
#67572000
0*
#67590000
1*
#67599000
b1 O
01
#67608000
0*
#67626000
b110 K
1*
#67644000
0*
#67662000
1B
b100 K
1*
#67680000
0*
#67698000
0B
b0 K
b1000000 M
1*
#67716000
0*
#67734000
1*
#67752000
0*
#67770000
1*
#67788000
0*
#67806000
1*
#67821000
11
#67824000
0*
#67842000
b1 K
1*
#67860000
0*
#67878000
b111 9
b111 8
1=
1A
b11 K
1*
#67896000
0*
#67914000
b111 9
b111 8
0=
0A
0#
06
b0 7
b111 K
b111 D
1*
#67932000
0*
#67950000
1*
#67968000
0*
#67986000
1*
#68004000
0*
#68022000
1*
#68040000
0*
#68043000
b0 O
01
#68058000
b110 K
1*
#68076000
0*
#68094000
1B
b100 K
1*
#68112000
0*
#68130000
0B
b0 K
b10000000 M
1*
#68148000
0*
#68166000
1$
1*
#68184000
0*
#68202000
1*
#68220000
0*
#68238000
1*
#68256000
0*
#68265000
b10001001 N
11
#68274000
b1 K
1*
#68292000
0*
#68310000
b0 9
b0 8
1#
16
1=
1A
b11 K
1*
#68328000
0*
#68346000
b1 7
0=
0A
0#
06
b111 K
1G
b0 D
1E
b1001 3
1*
#68364000
0*
#68382000
1?
b10101011 "
b10101011 >
b10101011 2
1F
0E
1%
0G
1*
#68400000
0*
#68418000
0?
0%
0F
b10101011 M
1*
#68436000
0*
#68454000
1*
#68472000
0*
#68487000
b0 N
b1001 4
b10001001 +
b111 O
01
#68490000
b110 K
1*
#68508000
0*
#68526000
1B
b100 K
1*
#68544000
0*
#68562000
0B
b0 K
1*
#68580000
0*
#68598000
1*
#68616000
0*
#68634000
1*
#68652000
0*
#68670000
1*
#68688000
0*
#68706000
1*
#68709000
b10000000 N
11
#68724000
0*
#68742000
b1 K
1*
#68760000
0*
#68778000
b1 9
b1 8
1=
1A
b11 K
1*
#68796000
0*
#68814000
b1 9
b1 8
0=
b10 7
0A
b1 D
b111 K
1*
#68832000
0*
#68850000
1*
#68868000
0*
#68886000
1*
#68904000
0*
#68922000
1*
#68931000
b110 O
01
#68940000
0*
#68958000
b110 K
1*
#68976000
0*
#68994000
1B
b100 K
1*
#69012000
0*
#69030000
0B
b1010110 M
b0 K
1*
#69048000
0*
#69066000
0$
1*
#69084000
0*
#69102000
1*
#69120000
0*
#69138000
1*
#69153000
11
#69156000
0*
#69174000
b1 K
1*
#69192000
0*
#69210000
b10 9
b10 8
1=
1A
b11 K
1*
#69228000
0*
#69246000
b10 9
b10 8
0=
b11 7
0A
b10 D
b111 K
1*
#69264000
0*
#69282000
1*
#69300000
0*
#69318000
1*
#69336000
0*
#69354000
1*
#69372000
0*
#69375000
b101 O
01
#69390000
b110 K
1*
#69408000
0*
#69426000
1B
b100 K
1*
#69444000
0*
#69462000
0B
b10101100 M
b0 K
1*
#69480000
0*
#69498000
1$
1*
#69516000
0*
#69534000
1*
#69552000
0*
#69570000
1*
#69588000
0*
#69597000
b10100000 N
11
#69606000
b1 K
1*
#69624000
0*
#69642000
b11 9
b11 8
1=
1A
b11 K
1*
#69660000
0*
#69678000
b11 9
b11 8
0=
b100 7
0A
b11 D
b111 K
1*
#69696000
0*
#69714000
1*
#69732000
0*
#69750000
1*
#69768000
0*
#69786000
1*
#69804000
0*
#69819000
b100 O
01
#69822000
b110 K
1*
#69840000
0*
#69858000
1B
b100 K
1*
#69876000
0*
#69894000
0B
b1011000 M
b0 K
1*
#69912000
0*
#69930000
0$
1*
#69948000
0*
#69966000
1*
#69984000
0*
#70002000
1*
#70020000
0*
#70038000
1*
#70041000
11
#70056000
0*
#70074000
b1 K
1*
#70092000
0*
#70110000
b100 9
b100 8
1=
1A
b11 K
1*
#70128000
0*
#70146000
b100 9
b100 8
0=
0A
b101 7
b111 K
b100 D
1*
#70164000
0*
#70182000
1*
#70200000
0*
#70218000
1*
#70236000
0*
#70254000
1*
#70263000
b11 O
01
#70272000
0*
#70290000
b110 K
1*
#70308000
0*
#70326000
1B
b100 K
1*
#70344000
0*
#70362000
0B
b0 K
b10110000 M
1*
#70380000
0*
#70398000
1$
1*
#70416000
0*
#70434000
1*
#70452000
0*
#70470000
1*
#70485000
b10101000 N
11
#70488000
0*
#70506000
b1 K
1*
#70524000
0*
#70542000
b101 9
b101 8
1=
1A
b11 K
1*
#70560000
0*
#70578000
b101 9
b101 8
0=
0A
b110 7
b111 K
b101 D
1*
#70596000
0*
#70614000
1*
#70632000
0*
#70650000
1*
#70668000
0*
#70686000
1*
#70704000
0*
#70707000
b10 O
01
#70722000
b110 K
1*
#70740000
0*
#70758000
1B
b100 K
1*
#70776000
0*
#70794000
0B
b0 K
b1100000 M
1*
#70812000
0*
#70830000
0$
1*
#70848000
0*
#70866000
1*
#70884000
0*
#70902000
1*
#70920000
0*
#70929000
11
#70938000
b1 K
1*
#70956000
0*
#70974000
b110 9
b110 8
1=
1A
b11 K
1*
#70992000
0*
#71010000
b110 9
b110 8
0=
0A
b111 7
b111 K
b110 D
1*
#71028000
0*
#71046000
1*
#71064000
0*
#71082000
1*
#71100000
0*
#71118000
1*
#71136000
0*
#71151000
b1 O
01
#71154000
b110 K
1*
#71172000
0*
#71190000
1B
b100 K
1*
#71208000
0*
#71226000
0B
b0 K
b11000000 M
1*
#71244000
0*
#71262000
1$
1*
#71280000
0*
#71298000
1*
#71316000
0*
#71334000
1*
#71352000
0*
#71370000
1*
#71373000
b10101010 N
11
#71388000
0*
#71406000
b1 K
1*
#71424000
0*
#71442000
b111 9
b111 8
1=
1A
b11 K
1*
#71460000
0*
#71478000
b111 9
b111 8
0=
0#
06
b0 7
0A
b111 D
b111 K
1*
#71496000
0*
#71514000
1*
#71532000
0*
#71550000
1*
#71568000
0*
#71586000
1*
#71595000
b0 O
01
#71604000
0*
#71622000
b110 K
1*
#71640000
0*
#71658000
1B
b100 K
1*
#71676000
0*
#71694000
0B
b10000000 M
b0 K
1*
#71712000
0*
#71730000
1*
#71748000
0*
#71766000
1*
#71784000
0*
#71802000
1*
#71817000
b10101011 N
11
#71820000
0*
#71838000
b1 K
1*
#71856000
0*
#71874000
b0 9
b0 8
1#
16
1=
1A
b11 K
1*
#71892000
0*
#71910000
b1 7
0=
0#
06
0A
b1010 3
1E
1G
b0 D
b111 K
1*
#71928000
0*
#71946000
1?
0G
1%
1F
0E
b11001101 "
b11001101 >
b11001101 2
1*
#71964000
0*
#71982000
0?
b11001101 M
0F
0%
1*
#72000000
0*
#72018000
1*
#72036000
0*
#72039000
b0 N
b1010 4
b10101011 +
b111 O
01
#72054000
b110 K
1*
#72072000
0*
#72090000
1B
b100 K
1*
#72108000
0*
#72126000
0B
b0 K
1*
#72144000
0*
#72162000
1*
#72180000
0*
#72198000
1*
#72216000
0*
#72234000
1*
#72252000
0*
#72261000
b10000000 N
11
#72270000
b1 K
1*
#72288000
0*
#72306000
b1 9
b1 8
1=
1A
b11 K
1*
#72324000
0*
#72342000
b1 9
b1 8
0=
b10 7
0A
b1 D
b111 K
1*
#72360000
0*
#72378000
1*
#72396000
0*
#72414000
1*
#72432000
0*
#72450000
1*
#72468000
0*
#72483000
b110 O
01
#72486000
b110 K
1*
#72504000
0*
#72522000
1B
b100 K
1*
#72540000
0*
#72558000
0B
b10011010 M
b0 K
1*
#72576000
0*
#72594000
1*
#72612000
0*
#72630000
1*
#72648000
0*
#72666000
1*
#72684000
0*
#72702000
1*
#72705000
b11000000 N
11
#72720000
0*
#72738000
b1 K
1*
#72756000
0*
#72774000
b10 9
b10 8
1=
1A
b11 K
1*
#72792000
0*
#72810000
b10 9
b10 8
0=
0A
b11 7
b111 K
b10 D
1*
#72828000
0*
#72846000
1*
#72864000
0*
#72882000
1*
#72900000
0*
#72918000
1*
#72927000
b101 O
01
#72936000
0*
#72954000
b110 K
1*
#72972000
0*
#72990000
1B
b100 K
1*
#73008000
0*
#73026000
0B
b0 K
b110100 M
1*
#73044000
0*
#73062000
0$
1*
#73080000
0*
#73098000
1*
#73116000
0*
#73134000
1*
#73149000
11
#73152000
0*
#73170000
b1 K
1*
#73188000
0*
#73206000
b11 9
b11 8
1=
1A
b11 K
1*
#73224000
0*
#73242000
b11 9
b11 8
0=
0A
b100 7
b111 K
b11 D
1*
#73260000
0*
#73278000
1*
#73296000
0*
#73314000
1*
#73332000
0*
#73350000
1*
#73368000
0*
#73371000
b100 O
01
#73386000
b110 K
1*
#73404000
0*
#73422000
1B
b100 K
1*
#73440000
0*
#73458000
0B
b0 K
b1101000 M
1*
#73476000
0*
#73494000
1*
#73512000
0*
#73530000
1*
#73548000
0*
#73566000
1*
#73584000
0*
#73593000
11
#73602000
b1 K
1*
#73620000
0*
#73638000
b100 9
b100 8
1=
1A
b11 K
1*
#73656000
0*
#73674000
b100 9
b100 8
0=
0A
b101 7
b111 K
b100 D
1*
#73692000
0*
#73710000
1*
#73728000
0*
#73746000
1*
#73764000
0*
#73782000
1*
#73800000
0*
#73815000
b11 O
01
#73818000
b110 K
1*
#73836000
0*
#73854000
1B
b100 K
1*
#73872000
0*
#73890000
0B
b0 K
b11010000 M
1*
#73908000
0*
#73926000
1$
1*
#73944000
0*
#73962000
1*
#73980000
0*
#73998000
1*
#74016000
0*
#74034000
1*
#74037000
b11001000 N
11
#74052000
0*
#74070000
b1 K
1*
#74088000
0*
#74106000
b101 9
b101 8
1=
1A
b11 K
1*
#74124000
0*
#74142000
b101 9
b101 8
0=
b110 7
0A
b101 D
b111 K
1*
#74160000
0*
#74178000
1*
#74196000
0*
#74214000
1*
#74232000
0*
#74250000
1*
#74259000
b10 O
01
#74268000
0*
#74286000
b110 K
1*
#74304000
0*
#74322000
1B
b100 K
1*
#74340000
0*
#74358000
0B
b10100000 M
b0 K
1*
#74376000
0*
#74394000
1*
#74412000
0*
#74430000
1*
#74448000
0*
#74466000
1*
#74481000
b11001100 N
11
#74484000
0*
#74502000
b1 K
1*
#74520000
0*
#74538000
b110 9
b110 8
1=
1A
b11 K
1*
#74556000
0*
#74574000
b110 9
b110 8
0=
b111 7
0A
b110 D
b111 K
1*
#74592000
0*
#74610000
1*
#74628000
0*
#74646000
1*
#74664000
0*
#74682000
1*
#74700000
0*
#74703000
b1 O
01
#74718000
b110 K
1*
#74736000
0*
#74754000
1B
b100 K
1*
#74772000
0*
#74790000
0B
b1000000 M
b0 K
1*
#74808000
0*
#74826000
0$
1*
#74844000
0*
#74862000
1*
#74880000
0*
#74898000
1*
#74916000
0*
#74925000
11
#74934000
b1 K
1*
#74952000
0*
#74970000
b111 9
b111 8
1=
1A
b11 K
1*
#74988000
0*
#75006000
b111 9
b111 8
0=
0#
06
b0 7
0A
b111 D
b111 K
1*
#75024000
0*
#75042000
1*
#75060000
0*
#75078000
1*
#75096000
0*
#75114000
1*
#75132000
0*
#75147000
b0 O
01
#75150000
b110 K
1*
#75168000
0*
#75186000
1B
b100 K
1*
#75204000
0*
#75222000
0B
b10000000 M
b0 K
1*
#75240000
0*
#75258000
1$
1*
#75276000
0*
#75294000
1*
#75312000
0*
#75330000
1*
#75348000
0*
#75366000
1*
#75369000
b11001101 N
11
#75384000
0*
#75402000
b1 K
1*
#75420000
0*
#75438000
b0 9
b0 8
1#
16
1=
1A
b11 K
1*
#75456000
0*
#75474000
b1 7
0=
0A
0#
06
b111 K
1G
b0 D
1E
b1011 3
1*
#75492000
0*
#75510000
1?
b11101111 "
b11101111 >
b11101111 2
1F
0E
1%
0G
1*
#75528000
0*
#75546000
0?
0%
0F
b11101111 M
1*
#75564000
0*
#75582000
1*
#75591000
b0 N
b1011 4
b11001101 +
b111 O
01
#75600000
0*
#75618000
b110 K
1*
#75636000
0*
#75654000
1B
b100 K
1*
#75672000
0*
#75690000
0B
b0 K
1*
#75708000
0*
#75726000
1*
#75744000
0*
#75762000
1*
#75780000
0*
#75798000
1*
#75813000
b10000000 N
11
#75816000
0*
#75834000
b1 K
1*
#75852000
0*
#75870000
b1 9
b1 8
1=
1A
b11 K
1*
#75888000
0*
#75906000
b1 9
b1 8
0=
0A
b10 7
b111 K
b1 D
1*
#75924000
0*
#75942000
1*
#75960000
0*
#75978000
1*
#75996000
0*
#76014000
1*
#76032000
0*
#76035000
b110 O
01
#76050000
b110 K
1*
#76068000
0*
#76086000
1B
b100 K
1*
#76104000
0*
#76122000
0B
b0 K
b11011110 M
1*
#76140000
0*
#76158000
1*
#76176000
0*
#76194000
1*
#76212000
0*
#76230000
1*
#76248000
0*
#76257000
b11000000 N
11
#76266000
b1 K
1*
#76284000
0*
#76302000
b10 9
b10 8
1=
1A
b11 K
1*
#76320000
0*
#76338000
b10 9
b10 8
0=
0A
b11 7
b111 K
b10 D
1*
#76356000
0*
#76374000
1*
#76392000
0*
#76410000
1*
#76428000
0*
#76446000
1*
#76464000
0*
#76479000
b101 O
01
#76482000
b110 K
1*
#76500000
0*
#76518000
1B
b100 K
1*
#76536000
0*
#76554000
0B
b0 K
b10111100 M
1*
#76572000
0*
#76590000
1*
#76608000
0*
#76626000
1*
#76644000
0*
#76662000
1*
#76680000
0*
#76698000
1*
#76701000
b11100000 N
11
#76716000
0*
#76734000
b1 K
1*
#76752000
0*
#76770000
b11 9
b11 8
1=
1A
b11 K
1*
#76788000
0*
#76806000
b11 9
b11 8
0=
b100 7
0A
b11 D
b111 K
1*
#76824000
0*
#76842000
1*
#76860000
0*
#76878000
1*
#76896000
0*
#76914000
1*
#76923000
b100 O
01
#76932000
0*
#76950000
b110 K
1*
#76968000
0*
#76986000
1B
b100 K
1*
#77004000
0*
#77022000
0B
b1111000 M
b0 K
1*
#77040000
0*
#77058000
0$
1*
#77076000
0*
#77094000
1*
#77112000
0*
#77130000
1*
#77145000
11
#77148000
0*
#77166000
b1 K
1*
#77184000
0*
#77202000
b100 9
b100 8
1=
1A
b11 K
1*
#77220000
0*
#77238000
b100 9
b100 8
0=
b101 7
0A
b100 D
b111 K
1*
#77256000
0*
#77274000
1*
#77292000
0*
#77310000
1*
#77328000
0*
#77346000
1*
#77364000
0*
#77367000
b11 O
01
#77382000
b110 K
1*
#77400000
0*
#77418000
1B
b100 K
1*
#77436000
0*
#77454000
0B
b11110000 M
b0 K
1*
#77472000
0*
#77490000
1$
1*
#77508000
0*
#77526000
1*
#77544000
0*
#77562000
1*
#77580000
0*
#77589000
b11101000 N
11
#77598000
b1 K
1*
#77616000
0*
#77634000
b101 9
b101 8
1=
1A
b11 K
1*
#77652000
0*
#77670000
b101 9
b101 8
0=
b110 7
0A
b101 D
b111 K
1*
#77688000
0*
#77706000
1*
#77724000
0*
#77742000
1*
#77760000
0*
#77778000
1*
#77796000
0*
#77811000
b10 O
01
#77814000
b110 K
1*
#77832000
0*
#77850000
1B
b100 K
1*
#77868000
0*
#77886000
0B
b11100000 M
b0 K
1*
#77904000
0*
#77922000
1*
#77940000
0*
#77958000
1*
#77976000
0*
#77994000
1*
#78012000
0*
#78030000
1*
#78033000
b11101100 N
11
#78048000
0*
#78066000
b1 K
1*
#78084000
0*
#78102000
b110 9
b110 8
1=
1A
b11 K
1*
#78120000
0*
#78138000
b110 9
b110 8
0=
0A
b111 7
b111 K
b110 D
1*
#78156000
0*
#78174000
1*
#78192000
0*
#78210000
1*
#78228000
0*
#78246000
1*
#78255000
b1 O
01
#78264000
0*
#78282000
b110 K
1*
#78300000
0*
#78318000
1B
b100 K
1*
#78336000
0*
#78354000
0B
b0 K
b11000000 M
1*
#78372000
0*
#78390000
1*
#78408000
0*
#78426000
1*
#78444000
0*
#78462000
1*
#78477000
b11101110 N
11
#78480000
0*
#78498000
b1 K
1*
#78516000
0*
#78534000
b111 9
b111 8
1=
1A
b11 K
1*
#78552000
0*
#78570000
b111 9
b111 8
0=
0A
0#
06
b0 7
b111 K
b111 D
1*
#78588000
0*
#78606000
1*
#78624000
0*
#78642000
1*
#78660000
0*
#78678000
1*
#78696000
0*
#78699000
b0 O
01
#78714000
b110 K
1*
#78732000
0*
#78750000
1B
b100 K
1*
#78768000
0*
#78786000
0B
b0 K
b10000000 M
1*
#78804000
0*
#78822000
1*
#78840000
0*
#78858000
1*
#78876000
0*
#78894000
1*
#78912000
0*
#78921000
b11101111 N
11
#78930000
b1 K
1*
#78948000
0*
#78966000
b0 9
b0 8
1#
16
1=
1A
b11 K
1*
#78984000
0*
#79002000
b1 7
0=
0A
0#
06
b111 K
1G
b0 D
1E
b1100 3
1*
#79020000
0*
#79038000
1?
b11111110 "
b11111110 >
b11111110 2
1F
0E
1%
0G
1*
#79056000
0*
#79074000
0?
0%
0F
b11111110 M
1*
#79092000
0*
#79110000
1*
#79128000
0*
#79143000
b0 N
b1100 4
b11101111 +
b111 O
01
#79146000
b110 K
1*
#79164000
0*
#79182000
1B
b100 K
1*
#79200000
0*
#79218000
0B
b0 K
1*
#79236000
0*
#79254000
1*
#79272000
0*
#79290000
1*
#79308000
0*
#79326000
1*
#79344000
0*
#79362000
1*
#79365000
b10000000 N
11
#79380000
0*
#79398000
b1 K
1*
#79416000
0*
#79434000
b1 9
b1 8
1=
1A
b11 K
1*
#79452000
0*
#79470000
b1 9
b1 8
0=
b10 7
0A
b1 D
b111 K
1*
#79488000
0*
#79506000
1*
#79524000
0*
#79542000
1*
#79560000
0*
#79578000
1*
#79587000
b110 O
01
#79596000
0*
#79614000
b110 K
1*
#79632000
0*
#79650000
1B
b100 K
1*
#79668000
0*
#79686000
0B
b11111100 M
b0 K
1*
#79704000
0*
#79722000
1*
#79740000
0*
#79758000
1*
#79776000
0*
#79794000
1*
#79809000
b11000000 N
11
#79812000
0*
#79830000
b1 K
1*
#79848000
0*
#79866000
b10 9
b10 8
1=
1A
b11 K
1*
#79884000
0*
#79902000
b10 9
b10 8
0=
b11 7
0A
b10 D
b111 K
1*
#79920000
0*
#79938000
1*
#79956000
0*
#79974000
1*
#79992000
0*
#80010000
1*
#80028000
0*
#80031000
b101 O
01
#80046000
b110 K
1*
#80064000
0*
#80082000
1B
b100 K
1*
#80100000
0*
#80118000
0B
b11111000 M
b0 K
1*
#80136000
0*
#80154000
1*
#80172000
0*
#80190000
1*
#80208000
0*
#80226000
1*
#80244000
0*
#80253000
b11100000 N
11
#80262000
b1 K
1*
#80280000
0*
#80298000
b11 9
b11 8
1=
1A
b11 K
1*
#80316000
0*
#80334000
b11 9
b11 8
0=
b100 7
0A
b11 D
b111 K
1*
#80352000
0*
#80370000
1*
#80388000
0*
#80406000
1*
#80424000
0*
#80442000
1*
#80460000
0*
#80475000
b100 O
01
#80478000
b110 K
1*
#80496000
0*
#80514000
1B
b100 K
1*
#80532000
0*
#80550000
0B
b11110000 M
b0 K
1*
#80568000
0*
#80586000
1*
#80604000
0*
#80622000
1*
#80640000
0*
#80658000
1*
#80676000
0*
#80694000
1*
#80697000
b11110000 N
11
#80712000
0*
#80730000
b1 K
1*
#80748000
0*
#80766000
b100 9
b100 8
1=
1A
b11 K
1*
#80784000
0*
#80802000
b100 9
b100 8
0=
0A
b101 7
b111 K
b100 D
1*
#80820000
0*
#80838000
1*
#80856000
0*
#80874000
1*
#80892000
0*
#80910000
1*
#80919000
b11 O
01
#80928000
0*
#80946000
b110 K
1*
#80964000
0*
#80982000
1B
b100 K
1*
#81000000
0*
#81018000
0B
b0 K
b11100000 M
1*
#81036000
0*
#81054000
1*
#81072000
0*
#81090000
1*
#81108000
0*
#81126000
1*
#81141000
b11111000 N
11
#81144000
0*
#81162000
b1 K
1*
#81180000
0*
#81198000
b101 9
b101 8
1=
1A
b11 K
1*
#81216000
0*
#81234000
b101 9
b101 8
0=
0A
b110 7
b111 K
b101 D
1*
#81252000
0*
#81270000
1*
#81288000
0*
#81306000
1*
#81324000
0*
#81342000
1*
#81360000
0*
#81363000
b10 O
01
#81378000
b110 K
1*
#81396000
0*
#81414000
1B
b100 K
1*
#81432000
0*
#81450000
0B
b0 K
b11000000 M
1*
#81468000
0*
#81486000
1*
#81504000
0*
#81522000
1*
#81540000
0*
#81558000
1*
#81576000
0*
#81585000
b11111100 N
11
#81594000
b1 K
1*
#81612000
0*
#81630000
b110 9
b110 8
1=
1A
b11 K
1*
#81648000
0*
#81666000
b110 9
b110 8
0=
0A
b111 7
b111 K
b110 D
1*
#81684000
0*
#81702000
1*
#81720000
0*
#81738000
1*
#81756000
0*
#81774000
1*
#81792000
0*
#81807000
b1 O
01
#81810000
b110 K
1*
#81828000
0*
#81846000
1B
b100 K
1*
#81864000
0*
#81882000
0B
b0 K
b10000000 M
1*
#81900000
0*
#81918000
1*
#81936000
0*
#81954000
1*
#81972000
0*
#81990000
1*
#82008000
0*
#82026000
1*
#82029000
b11111110 N
11
#82044000
0*
#82062000
b1 K
1*
#82080000
0*
#82098000
b111 9
b111 8
1=
1A
b11 K
1*
#82116000
0*
#82134000
b111 9
b111 8
0=
0#
06
b0 7
0A
b111 D
b111 K
1*
#82152000
0*
#82170000
1*
#82188000
0*
#82206000
1*
#82224000
0*
#82242000
1*
#82251000
b0 O
01
#82260000
0*
#82278000
b110 K
1*
#82296000
0*
#82314000
1B
b100 K
1*
#82332000
0*
#82350000
0B
b0 M
b0 K
1*
#82368000
0*
#82386000
0$
1*
#82404000
0*
#82422000
1*
#82440000
0*
#82458000
1*
#82473000
11
#82476000
0*
#82494000
b1 K
1*
#82512000
0*
#82530000
b0 9
b0 8
1#
16
1=
1A
b11 K
1*
#82548000
0*
#82566000
b1 7
0=
0#
06
0A
b1101 3
1E
1G
b0 D
b111 K
1*
#82584000
0*
#82602000
1?
0G
1%
1F
0E
b11011100 "
b11011100 >
b11011100 2
1*
#82620000
0*
#82638000
0?
b11011100 M
0F
0%
1*
#82656000
0*
#82674000
1$
1*
#82692000
0*
#82695000
b0 N
b1101 4
b11111110 +
b111 O
01
#82710000
b110 K
1*
#82728000
0*
#82746000
1B
b100 K
1*
#82764000
0*
#82782000
0B
b0 K
1*
#82800000
0*
#82818000
1*
#82836000
0*
#82854000
1*
#82872000
0*
#82890000
1*
#82908000
0*
#82917000
b10000000 N
11
#82926000
b1 K
1*
#82944000
0*
#82962000
b1 9
b1 8
1=
1A
b11 K
1*
#82980000
0*
#82998000
b1 9
b1 8
0=
b10 7
0A
b1 D
b111 K
1*
#83016000
0*
#83034000
1*
#83052000
0*
#83070000
1*
#83088000
0*
#83106000
1*
#83124000
0*
#83139000
b110 O
01
#83142000
b110 K
1*
#83160000
0*
#83178000
1B
b100 K
1*
#83196000
0*
#83214000
0B
b10111000 M
b0 K
1*
#83232000
0*
#83250000
1*
#83268000
0*
#83286000
1*
#83304000
0*
#83322000
1*
#83340000
0*
#83358000
1*
#83361000
b11000000 N
11
#83376000
0*
#83394000
b1 K
1*
#83412000
0*
#83430000
b10 9
b10 8
1=
1A
b11 K
1*
#83448000
0*
#83466000
b10 9
b10 8
0=
0A
b11 7
b111 K
b10 D
1*
#83484000
0*
#83502000
1*
#83520000
0*
#83538000
1*
#83556000
0*
#83574000
1*
#83583000
b101 O
01
#83592000
0*
#83610000
b110 K
1*
#83628000
0*
#83646000
1B
b100 K
1*
#83664000
0*
#83682000
0B
b0 K
b1110000 M
1*
#83700000
0*
#83718000
0$
1*
#83736000
0*
#83754000
1*
#83772000
0*
#83790000
1*
#83805000
11
#83808000
0*
#83826000
b1 K
1*
#83844000
0*
#83862000
b11 9
b11 8
1=
1A
b11 K
1*
#83880000
0*
#83898000
b11 9
b11 8
0=
0A
b100 7
b111 K
b11 D
1*
#83916000
0*
#83934000
1*
#83952000
0*
#83970000
1*
#83988000
0*
#84006000
1*
#84024000
0*
#84027000
b100 O
01
#84042000
b110 K
1*
#84060000
0*
#84078000
1B
b100 K
1*
#84096000
0*
#84114000
0B
b0 K
b11100000 M
1*
#84132000
0*
#84150000
1$
1*
#84168000
0*
#84186000
1*
#84204000
0*
#84222000
1*
#84240000
0*
#84249000
b11010000 N
11
#84258000
b1 K
1*
#84276000
0*
#84294000
b100 9
b100 8
1=
1A
b11 K
1*
#84312000
0*
#84330000
b100 9
b100 8
0=
0A
b101 7
b111 K
b100 D
1*
#84348000
0*
#84366000
1*
#84384000
0*
#84402000
1*
#84420000
0*
#84438000
1*
#84456000
0*
#84471000
b11 O
01
#84474000
b110 K
1*
#84492000
0*
#84510000
1B
b100 K
1*
#84528000
0*
#84546000
0B
b0 K
b11000000 M
1*
#84564000
0*
#84582000
1*
#84600000
0*
#84618000
1*
#84636000
0*
#84654000
1*
#84672000
0*
#84690000
1*
#84693000
b11011000 N
11
#84708000
0*
#84726000
b1 K
1*
#84744000
0*
#84762000
b101 9
b101 8
1=
1A
b11 K
1*
#84780000
0*
#84798000
b101 9
b101 8
0=
b110 7
0A
b101 D
b111 K
1*
#84816000
0*
#84834000
1*
#84852000
0*
#84870000
1*
#84888000
0*
#84906000
1*
#84915000
b10 O
01
#84924000
0*
#84942000
b110 K
1*
#84960000
0*
#84978000
1B
b100 K
1*
#84996000
0*
#85014000
0B
b10000000 M
b0 K
1*
#85032000
0*
#85050000
1*
#85068000
0*
#85086000
1*
#85104000
0*
#85122000
1*
#85137000
b11011100 N
11
#85140000
0*
#85158000
b1 K
1*
#85176000
0*
#85194000
b110 9
b110 8
1=
1A
b11 K
1*
#85212000
0*
#85230000
b110 9
b110 8
0=
b111 7
0A
b110 D
b111 K
1*
#85248000
0*
#85266000
1*
#85284000
0*
#85302000
1*
#85320000
0*
#85338000
1*
#85356000
0*
#85359000
b1 O
01
#85374000
b110 K
1*
#85392000
0*
#85410000
1B
b100 K
1*
#85428000
0*
#85446000
0B
b0 M
b0 K
1*
#85464000
0*
#85482000
0$
1*
#85500000
0*
#85518000
1*
#85536000
0*
#85554000
1*
#85572000
0*
#85581000
11
#85590000
b1 K
1*
#85608000
0*
#85626000
b111 9
b111 8
1=
1A
b11 K
1*
#85644000
0*
#85662000
b111 9
b111 8
0=
0#
06
b0 7
0A
b111 D
b111 K
1*
#85680000
0*
#85698000
1*
#85716000
0*
#85734000
1*
#85752000
0*
#85770000
1*
#85788000
0*
#85803000
b0 O
01
#85806000
b110 K
1*
#85824000
0*
#85842000
1B
b100 K
1*
#85860000
0*
#85878000
0B
b0 K
1*
#85896000
0*
#85914000
1*
#85932000
0*
#85950000
1*
#85968000
0*
#85986000
1*
#86004000
0*
#86022000
1*
#86025000
11
#86040000
0*
#86058000
b1 K
1*
#86076000
0*
#86094000
b0 9
b0 8
1#
16
1=
1A
b11 K
1*
#86112000
0*
#86130000
b1 7
0=
0A
0#
06
b111 K
1G
b0 D
1E
b1110 3
1*
#86148000
0*
#86166000
1?
b10111010 "
b10111010 >
b10111010 2
1F
0E
1%
0G
1*
#86184000
0*
#86202000
0?
0%
0F
b10111010 M
1*
#86220000
0*
#86238000
1$
1*
#86247000
b0 N
b1110 4
b11011100 +
b111 O
01
#86256000
0*
#86274000
b110 K
1*
#86292000
0*
#86310000
1B
b100 K
1*
#86328000
0*
#86346000
0B
b0 K
1*
#86364000
0*
#86382000
1*
#86400000
0*
#86418000
1*
#86436000
0*
#86454000
1*
#86469000
b10000000 N
11
#86472000
0*
#86490000
b1 K
1*
#86508000
0*
#86526000
b1 9
b1 8
1=
1A
b11 K
1*
#86544000
0*
#86562000
b1 9
b1 8
0=
0A
b10 7
b111 K
b1 D
1*
#86580000
0*
#86598000
1*
#86616000
0*
#86634000
1*
#86652000
0*
#86670000
1*
#86688000
0*
#86691000
b110 O
01
#86706000
b110 K
1*
#86724000
0*
#86742000
1B
b100 K
1*
#86760000
0*
#86778000
0B
b0 K
b1110100 M
1*
#86796000
0*
#86814000
0$
1*
#86832000
0*
#86850000
1*
#86868000
0*
#86886000
1*
#86904000
0*
#86913000
11
#86922000
b1 K
1*
#86940000
0*
#86958000
b10 9
b10 8
1=
1A
b11 K
1*
#86976000
0*
#86994000
b10 9
b10 8
0=
0A
b11 7
b111 K
b10 D
1*
#87012000
0*
#87030000
1*
#87048000
0*
#87066000
1*
#87084000
0*
#87102000
1*
#87120000
0*
#87135000
b101 O
01
#87138000
b110 K
1*
#87156000
0*
#87174000
1B
b100 K
1*
#87192000
0*
#87210000
0B
b0 K
b11101000 M
1*
#87228000
0*
#87246000
1$
1*
#87264000
0*
#87282000
1*
#87300000
0*
#87318000
1*
#87336000
0*
#87354000
1*
#87357000
b10100000 N
11
#87372000
0*
#87390000
b1 K
1*
#87408000
0*
#87426000
b11 9
b11 8
1=
1A
b11 K
1*
#87444000
0*
#87462000
b11 9
b11 8
0=
b100 7
0A
b11 D
b111 K
1*
#87480000
0*
#87498000
1*
#87516000
0*
#87534000
1*
#87552000
0*
#87570000
1*
#87579000
b100 O
01
#87588000
0*
#87606000
b110 K
1*
#87624000
0*
#87642000
1B
b100 K
1*
#87660000
0*
#87678000
0B
b11010000 M
b0 K
1*
#87696000
0*
#87714000
1*
#87732000
0*
#87750000
1*
#87768000
0*
#87786000
1*
#87801000
b10110000 N
11
#87804000
0*
#87822000
b1 K
1*
#87840000
0*
#87858000
b100 9
b100 8
1=
1A
b11 K
1*
#87876000
0*
#87894000
b100 9
b100 8
0=
b101 7
0A
b100 D
b111 K
1*
#87912000
0*
#87930000
1*
#87948000
0*
#87966000
1*
#87984000
0*
#88002000
1*
#88020000
0*
#88023000
b11 O
01
#88038000
b110 K
1*
#88056000
0*
#88074000
1B
b100 K
1*
#88092000
0*
#88110000
0B
b10100000 M
b0 K
1*
#88128000
0*
#88146000
1*
#88164000
0*
#88182000
1*
#88200000
0*
#88218000
1*
#88236000
0*
#88245000
b10111000 N
11
#88254000
b1 K
1*
#88272000
0*
#88290000
b101 9
b101 8
1=
1A
b11 K
1*
#88308000
0*
#88326000
b101 9
b101 8
0=
b110 7
0A
b101 D
b111 K
1*
#88344000
0*
#88362000
1*
#88380000
0*
#88398000
1*
#88416000
0*
#88434000
1*
#88452000
0*
#88467000
b10 O
01
#88470000
b110 K
1*
#88488000
0*
#88506000
1B
b100 K
1*
#88524000
0*
#88542000
0B
b1000000 M
b0 K
1*
#88560000
0*
#88578000
0$
1*
#88596000
0*
#88614000
1*
#88632000
0*
#88650000
1*
#88668000
0*
#88686000
1*
#88689000
11
#88704000
0*
#88722000
b1 K
1*
#88740000
0*
#88758000
b110 9
b110 8
1=
1A
b11 K
1*
#88776000
0*
#88794000
b110 9
b110 8
0=
0A
b111 7
b111 K
b110 D
1*
#88812000
0*
#88830000
1*
#88848000
0*
#88866000
1*
#88884000
0*
#88902000
1*
#88911000
b1 O
01
#88920000
0*
#88938000
b110 K
1*
#88956000
0*
#88974000
1B
b100 K
1*
#88992000
0*
#89010000
0B
b0 K
b10000000 M
1*
#89028000
0*
#89046000
1$
1*
#89064000
0*
#89082000
1*
#89100000
0*
#89118000
1*
#89133000
b10111010 N
11
#89136000
0*
#89154000
b1 K
1*
#89172000
0*
#89190000
b111 9
b111 8
1=
1A
b11 K
1*
#89208000
0*
#89226000
b111 9
b111 8
0=
0A
0#
06
b0 7
b111 K
b111 D
1*
#89244000
0*
#89262000
1*
#89280000
0*
#89298000
1*
#89316000
0*
#89334000
1*
#89352000
0*
#89355000
b0 O
01
#89370000
b110 K
1*
#89388000
0*
#89406000
1B
b100 K
1*
#89424000
0*
#89442000
0B
b0 K
b0 M
1*
#89460000
0*
#89478000
0$
1*
#89496000
0*
#89514000
1*
#89532000
0*
#89550000
1*
#89568000
0*
#89577000
11
#89586000
b1 K
1*
#89604000
0*
#89622000
b0 9
b0 8
1#
16
1=
1A
b11 K
1*
#89640000
0*
#89658000
b1 7
0=
0A
0#
06
b111 K
1G
b0 D
1E
b1111 3
1*
#89676000
0*
#89694000
1?
b10011000 "
b10011000 >
b10011000 2
1F
0E
1%
0G
1*
#89712000
0*
#89730000
0?
0%
0F
b10011000 M
1*
#89748000
0*
#89766000
1$
1*
#89784000
0*
#89799000
b0 N
b1111 4
b10111010 +
b111 O
01
#89802000
b110 K
1*
#89820000
0*
#89838000
1B
b100 K
1*
#89856000
0*
#89874000
0B
b0 K
1*
#89892000
0*
#89910000
1*
#89928000
0*
#89946000
1*
#89964000
0*
#89982000
1*
#90000000
0*
#90018000
1*
#90021000
b10000000 N
11
#90036000
0*
#90054000
b1 K
1*
#90072000
0*
#90090000
b1 9
b1 8
1=
1A
b11 K
1*
#90108000
0*
#90126000
b1 9
b1 8
0=
b10 7
0A
b1 D
b111 K
1*
#90144000
0*
#90162000
1*
#90180000
0*
#90198000
1*
#90216000
0*
#90234000
1*
#90243000
b110 O
01
#90252000
0*
#90270000
b110 K
1*
#90288000
0*
#90306000
1B
b100 K
1*
#90324000
0*
#90342000
0B
b110000 M
b0 K
1*
#90360000
0*
#90378000
0$
1*
#90396000
0*
#90414000
1*
#90432000
0*
#90450000
1*
#90465000
11
#90468000
0*
#90486000
b1 K
1*
#90504000
0*
#90522000
b10 9
b10 8
1=
1A
b11 K
1*
#90540000
0*
#90558000
b10 9
b10 8
0=
b11 7
0A
b10 D
b111 K
1*
#90576000
0*
#90594000
1*
#90612000
0*
#90630000
1*
#90648000
0*
#90666000
1*
#90684000
0*
#90687000
b101 O
01
#90702000
b110 K
1*
#90720000
0*
#90738000
1B
b100 K
1*
#90756000
0*
#90774000
0B
b1100000 M
b0 K
1*
#90792000
0*
#90810000
1*
#90828000
0*
#90846000
1*
#90864000
0*
#90882000
1*
#90900000
0*
#90909000
11
#90918000
b1 K
1*
#90936000
0*
#90954000
b11 9
b11 8
1=
1A
b11 K
1*
#90972000
0*
#90990000
b11 9
b11 8
0=
b100 7
0A
b11 D
b111 K
1*
#91008000
0*
#91026000
1*
#91044000
0*
#91062000
1*
#91080000
0*
#91098000
1*
#91116000
0*
#91131000
b100 O
01
#91134000
b110 K
1*
#91152000
0*
#91170000
1B
b100 K
1*
#91188000
0*
#91206000
0B
b11000000 M
b0 K
1*
#91224000
0*
#91242000
1$
1*
#91260000
0*
#91278000
1*
#91296000
0*
#91314000
1*
#91332000
0*
#91350000
1*
#91353000
b10010000 N
11
#91368000
0*
#91386000
b1 K
1*
#91404000
0*
#91422000
b100 9
b100 8
1=
1A
b11 K
1*
#91440000
0*
#91458000
b100 9
b100 8
0=
0A
b101 7
b111 K
b100 D
1*
#91476000
0*
#91494000
1*
#91512000
0*
#91530000
1*
#91548000
0*
#91566000
1*
#91575000
b11 O
01
#91584000
0*
#91602000
b110 K
1*
#91620000
0*
#91638000
1B
b100 K
1*
#91656000
0*
#91674000
0B
b0 K
b10000000 M
1*
#91692000
0*
#91710000
1*
#91728000
0*
#91746000
1*
#91764000
0*
#91782000
1*
#91797000
b10011000 N
11
#91800000
0*
#91818000
b1 K
1*
#91836000
0*
#91854000
b101 9
b101 8
1=
1A
b11 K
1*
#91872000
0*
#91890000
b101 9
b101 8
0=
0A
b110 7
b111 K
b101 D
1*
#91908000
0*
#91926000
1*
#91944000
0*
#91962000
1*
#91980000
0*
#91998000
1*
#92016000
0*
#92019000
b10 O
01
#92034000
b110 K
1*
#92052000
0*
#92070000
1B
b100 K
1*
#92088000
0*
#92106000
0B
b0 K
b0 M
1*
#92124000
0*
#92142000
0$
1*
#92160000
0*
#92178000
1*
#92196000
0*
#92214000
1*
#92232000
0*
#92241000
11
#92250000
b1 K
1*
#92268000
0*
#92286000
b110 9
b110 8
1=
1A
b11 K
1*
#92304000
0*
#92322000
b110 9
b110 8
0=
0A
b111 7
b111 K
b110 D
1*
#92340000
0*
#92358000
1*
#92376000
0*
#92394000
1*
#92412000
0*
#92430000
1*
#92448000
0*
#92463000
b1 O
01
#92466000
b110 K
1*
#92484000
0*
#92502000
1B
b100 K
1*
#92520000
0*
#92538000
0B
b0 K
1*
#92556000
0*
#92574000
1*
#92592000
0*
#92610000
1*
#92628000
0*
#92646000
1*
#92664000
0*
#92682000
1*
#92685000
11
#92700000
0*
#92718000
b1 K
1*
#92736000
0*
#92754000
b111 9
b111 8
1=
1A
b11 K
1*
#92772000
0*
#92790000
b111 9
b111 8
0=
0#
06
b0 7
0A
b111 D
b111 K
1*
#92808000
0*
#92826000
1*
#92844000
0*
#92862000
1*
#92880000
0*
#92898000
1*
#92907000
b0 O
01
#92916000
0*
#92934000
b110 K
1*
#92952000
0*
#92970000
1B
b100 K
1*
#92988000
0*
#93006000
0B
b0 K
1*
#93024000
0*
#93042000
1*
#93060000
0*
#93078000
1*
#93096000
0*
#93114000
1*
#93129000
11
#93132000
0*
#93150000
b1 K
1*
#93168000
0*
#93186000
b0 9
b0 8
1#
16
1=
1A
b11 K
1*
#93204000
0*
#93222000
b1 7
0=
0#
06
0A
b10000 3
1E
1G
b0 D
b111 K
1*
#93240000
0*
#93258000
1?
0G
1%
1F
0E
bx "
bx >
bx 2
1*
#93276000
0*
#93294000
0?
bx M
0F
0%
1*
#93312000
0*
#93330000
x$
1*
#93348000
0*
#93351000
b10000 4
b10011000 +
b11111111111111111111111111111111 O
01
#93366000
b110 K
1*
#93384000
0*
#93402000
1B
b100 K
1*
#93420000
0*
#93438000
0B
b0 K
1*
#93456000
0*
#93474000
1*
#93492000
0*
#93510000
1*
#93528000
0*
#93546000
1*
#93564000
0*
#93582000
1*
#93600000
0*
#93618000
1*
#93636000
0*
#93654000
1*
#93672000
0*
#93690000
1*
#93708000
0*
#93726000
1*
#93744000
0*
#93762000
1*
#93780000
0*
#93795000
1.
#93798000
1/
b1 H
1*
#93816000
0*
#93834000
b11 H
1*
#93852000
0*
#93870000
1?
0'
0:
b111 H
1*
#93888000
0*
#93906000
0$
1*
#93924000
0*
#93942000
1*
#93960000
0*
#93978000
1*
#93996000
0*
#94014000
1*
#94032000
0*
#94050000
1*
#94068000
0*
#94086000
1*
#94104000
0*
#94122000
1*
#94140000
0*
#94158000
1*
#94176000
0*
#94194000
1*
#94212000
0*
#94230000
1*
#94248000
0*
#94266000
1*
#94284000
0*
#94302000
1*
#94320000
0*
#94338000
1*
#94356000
0*
#94374000
1*
#94392000
0*
#94410000
1*
#94428000
0*
#94446000
1*
#94464000
0*
#94482000
1*
#94500000
0*
#94518000
1*
#94536000
0*
#94554000
1*
#94572000
0*
#94590000
1*
#94608000
0*
#94626000
1*
#94644000
0*
#94662000
1*
#94680000
0*
#94698000
1*
#94716000
0*
#94734000
1*
#94752000
0*
#94770000
1*
#94788000
0*
#94806000
1*
#94824000
0*
#94842000
1*
#94860000
0*
#94878000
1*
#94896000
0*
#94914000
1*
#94932000
0*
#94950000
1*
#94968000
0*
#94986000
1*
#95004000
0*
#95022000
1*
#95040000
0*
#95058000
1*
#95076000
0*
#95094000
1*
#95112000
0*
#95130000
1*
#95148000
0*
#95166000
1*
#95184000
0*
#95202000
1*
#95220000
0*
#95238000
1*
#95256000
0*
#95274000
1*
#95292000
0*
#95310000
1*
#95328000
0*
#95346000
1*
#95364000
0*
#95382000
1*
#95400000
0*
#95418000
1*
#95436000
0*
#95454000
1*
#95472000
0*
#95490000
1*
#95508000
0*
#95526000
1*
#95544000
0*
#95562000
1*
#95580000
0*
#95598000
1*
#95616000
0*
#95634000
1*
#95645000
